Id,Name,ContentLength,IngestionDate,ContentDate:Start,ContentDate:End,Checksum:Algorithm,Checksum:Value,IsSealed,SourceStorageId,DestStorageId
d99206d4-556f-11ed-bd9b-be1648daefb8,HLSL30.020/HLS.L30.T54TYQ.2015019T010715.v2.0/HLS.L30.T54TYQ.2015019T010715.v2.0.B02.tif,100,2015-01-19 07:07:15,2015-01-19 07:07:15,2015-01-19 07:07:15,MD5,2c044996bfd029c30c22f62b51e19556,false,abcdef,defabc
d9920f3a-556f-11ed-bd9b-be1648daefb8,HLSL30.020/HLS.L30.T54TYQ.2015019T010715.v2.0/HLS.L30.T54TYQ.2015019T010715.v2.0.B11.tif,100,2015-01-19 07:07:15,2015-01-19 07:07:15,2015-01-19 07:07:15,MD5,2c044996bfd029c30c22f62b51e19556,false,abcdef,defabc
d9921192-556f-11ed-bd9b-be1648daefb8,HLSL30.020/HLS.L30.T54TYQ.2015019T010715.v2.0/HLS.L30.T54TYQ.2015019T010715.v2.0.B06.tif,100,2015-01-19 07:07:15,2015-01-19 07:07:15,2015-01-19 07:07:15,MD5,2c044996bfd029c30c22f62b51e19556,false,abcdef,defabc
d9921390-556f-11ed-bd9b-be1648daefb8,HLSL30.020/HLS.L30.T54TYQ.2015019T010715.v2.0/HLS.L30.T54TYQ.2015019T010715.v2.0.B09.tif,100,2015-01-19 07:07:15,2015-01-19 07:07:15,2015-01-19 07:07:15,MD5,2c044996bfd029c30c22f62b51e19556,false,abcdef,defabc
d992157a-556f-11ed-bd9b-be1648daefb8,HLSL30.020/HLS.L30.T54TYQ.2015019T010715.v2.0/HLS.L30.T54TYQ.2015019T010715.v2.0.B05.tif,100,2015-01-19 07:07:15,2015-01-19 07:07:15,2015-01-19 07:07:15,MD5,2c044996bfd029c30c22f62b51e19556,false,abcdef,defabc
d992175a-556f-11ed-bd9b-be1648daefb8,HLSL30.020/HLS.L30.T54TYQ.2015019T010715.v2.0/HLS.L30.T54TYQ.2015019T010715.v2.0.B01.tif,100,2015-01-19 07:07:15,2015-01-19 07:07:15,2015-01-19 07:07:15,MD5,2c044996bfd029c30c22f62b51e19556,false,abcdef,defabc
d992193a-556f-11ed-bd9b-be1648daefb8,HLSL30.020/HLS.L30.T54TYQ.2015019T010715.v2.0/HLS.L30.T54TYQ.2015019T010715.v2.0.Fmask.tif,100,2015-01-19 07:07:15,2015-01-19 07:07:15,2015-01-19 07:07:15,MD5,2c044996bfd029c30c22f62b51e19556,false,abcdef,defabc
d9921b74-556f-11ed-bd9b-be1648daefb8,HLSL30.020/HLS.L30.T54TYQ.2015019T010715.v2.0/HLS.L30.T54TYQ.2015019T010715.v2.0.SAA.tif,100,2015-01-19 07:07:15,2015-01-19 07:07:15,2015-01-19 07:07:15,MD5,2c044996bfd029c30c22f62b51e19556,false,abcdef,defabc
d9921d4a-556f-11ed-bd9b-be1648daefb8,HLSL30.020/HLS.L30.T54TYQ.2015019T010715.v2.0/HLS.L30.T54TYQ.2015019T010715.v2.0.B04.tif,100,2015-01-19 07:07:15,2015-01-19 07:07:15,2015-01-19 07:07:15,MD5,2c044996bfd029c30c22f62b51e19556,false,abcdef,defabc
d9921f16-556f-11ed-bd9b-be1648daefb8,HLSL30.020/HLS.L30.T54TYQ.2015019T010715.v2.0/HLS.L30.T54TYQ.2015019T010715.v2.0.B10.tif,100,2015-01-19 07:07:15,2015-01-19 07:07:15,2015-01-19 07:07:15,MD5,2c044996bfd029c30c22f62b51e19556,false,abcdef,defabc
d99220ec-556f-11ed-bd9b-be1648daefb8,HLSL30.020/HLS.L30.T54TYQ.2015019T010715.v2.0/HLS.L30.T54TYQ.2015019T010715.v2.0.VAA.tif,100,2015-01-19 07:07:15,2015-01-19 07:07:15,2015-01-19 07:07:15,MD5,2c044996bfd029c30c22f62b51e19556,false,abcdef,defabc
d99222c2-556f-11ed-bd9b-be1648daefb8,HLSL30.020/HLS.L30.T54TYQ.2015019T010715.v2.0/HLS.L30.T54TYQ.2015019T010715.v2.0.SZA.tif,100,2015-01-19 07:07:15,2015-01-19 07:07:15,2015-01-19 07:07:15,MD5,2c044996bfd029c30c22f62b51e19556,false,abcdef,defabc
d992248e-556f-11ed-bd9b-be1648daefb8,HLSL30.020/HLS.L30.T54TYQ.2015019T010715.v2.0/HLS.L30.T54TYQ.2015019T010715.v2.0.B03.tif,100,2015-01-19 07:07:15,2015-01-19 07:07:15,2015-01-19 07:07:15,MD5,2c044996bfd029c30c22f62b51e19556,false,abcdef,defabc
d992265a-556f-11ed-bd9b-be1648daefb8,HLSL30.020/HLS.L30.T54TYQ.2015019T010715.v2.0/HLS.L30.T54TYQ.2015019T010715.v2.0.B07.tif,100,2015-01-19 07:07:15,2015-01-19 07:07:15,2015-01-19 07:07:15,MD5,2c044996bfd029c30c22f62b51e19556,false,abcdef,defabc
d9922826-556f-11ed-bd9b-be1648daefb8,HLSL30.020/HLS.L30.T54TYQ.2015019T010715.v2.0/HLS.L30.T54TYQ.2015019T010715.v2.0.VZA.tif,100,2015-01-19 07:07:15,2015-01-19 07:07:15,2015-01-19 07:07:15,MD5,2c044996bfd029c30c22f62b51e19556,false,abcdef,defabc
d99229fc-556f-11ed-bd9b-be1648daefb8,HLSL30.020/HLS.L30.T54TYQ.2015019T010715.v2.0/HLS.L30.T54TYQ.2015019T010715.v2.0.cmr.xml,100,2015-01-19 07:07:15,2015-01-19 07:07:15,2015-01-19 07:07:15,MD5,2c044996bfd029c30c22f62b51e19556,false,abcdef,defabc
d9922c04-556f-11ed-bd9b-be1648daefb8,HLSL30.020/HLS.L30.T55TCJ.2015019T010715.v2.0/HLS.L30.T55TCJ.2015019T010715.v2.0.B03.tif,100,2015-01-19 07:07:15,2015-01-19 07:07:15,2015-01-19 07:07:39,MD5,2c044996bfd029c30c22f62b51e19556,false,abcdef,defabc
d9922dda-556f-11ed-bd9b-be1648daefb8,HLSL30.020/HLS.L30.T55TCJ.2015019T010715.v2.0/HLS.L30.T55TCJ.2015019T010715.v2.0.B04.tif,100,2015-01-19 07:07:15,2015-01-19 07:07:15,2015-01-19 07:07:39,MD5,2c044996bfd029c30c22f62b51e19556,false,abcdef,defabc
d9922fa6-556f-11ed-bd9b-be1648daefb8,HLSL30.020/HLS.L30.T55TCJ.2015019T010715.v2.0/HLS.L30.T55TCJ.2015019T010715.v2.0.B01.tif,100,2015-01-19 07:07:15,2015-01-19 07:07:15,2015-01-19 07:07:39,MD5,2c044996bfd029c30c22f62b51e19556,false,abcdef,defabc
d9923172-556f-11ed-bd9b-be1648daefb8,HLSL30.020/HLS.L30.T55TCJ.2015019T010715.v2.0/HLS.L30.T55TCJ.2015019T010715.v2.0.SAA.tif,100,2015-01-19 07:07:15,2015-01-19 07:07:15,2015-01-19 07:07:39,MD5,2c044996bfd029c30c22f62b51e19556,false,abcdef,defabc
d992333e-556f-11ed-bd9b-be1648daefb8,HLSL30.020/HLS.L30.T55TCJ.2015019T010715.v2.0/HLS.L30.T55TCJ.2015019T010715.v2.0.VZA.tif,100,2015-01-19 07:07:15,2015-01-19 07:07:15,2015-01-19 07:07:39,MD5,2c044996bfd029c30c22f62b51e19556,false,abcdef,defabc
d992350a-556f-11ed-bd9b-be1648daefb8,HLSL30.020/HLS.L30.T55TCJ.2015019T010715.v2.0/HLS.L30.T55TCJ.2015019T010715.v2.0.B09.tif,100,2015-01-19 07:07:15,2015-01-19 07:07:15,2015-01-19 07:07:39,MD5,2c044996bfd029c30c22f62b51e19556,false,abcdef,defabc
d99236d6-556f-11ed-bd9b-be1648daefb8,HLSL30.020/HLS.L30.T55TCJ.2015019T010715.v2.0/HLS.L30.T55TCJ.2015019T010715.v2.0.B10.tif,100,2015-01-19 07:07:15,2015-01-19 07:07:15,2015-01-19 07:07:39,MD5,2c044996bfd029c30c22f62b51e19556,false,abcdef,defabc
d99238a2-556f-11ed-bd9b-be1648daefb8,HLSL30.020/HLS.L30.T55TCJ.2015019T010715.v2.0/HLS.L30.T55TCJ.2015019T010715.v2.0.B11.tif,100,2015-01-19 07:07:15,2015-01-19 07:07:15,2015-01-19 07:07:39,MD5,2c044996bfd029c30c22f62b51e19556,false,abcdef,defabc
d9923a6e-556f-11ed-bd9b-be1648daefb8,HLSL30.020/HLS.L30.T55TCJ.2015019T010715.v2.0/HLS.L30.T55TCJ.2015019T010715.v2.0.B05.tif,100,2015-01-19 07:07:15,2015-01-19 07:07:15,2015-01-19 07:07:39,MD5,2c044996bfd029c30c22f62b51e19556,false,abcdef,defabc
d9923c3a-556f-11ed-bd9b-be1648daefb8,HLSL30.020/HLS.L30.T55TCJ.2015019T010715.v2.0/HLS.L30.T55TCJ.2015019T010715.v2.0.Fmask.tif,100,2015-01-19 07:07:15,2015-01-19 07:07:15,2015-01-19 07:07:39,MD5,2c044996bfd029c30c22f62b51e19556,false,abcdef,defabc
d9923e10-556f-11ed-bd9b-be1648daefb8,HLSL30.020/HLS.L30.T55TCJ.2015019T010715.v2.0/HLS.L30.T55TCJ.2015019T010715.v2.0.B06.tif,100,2015-01-19 07:07:15,2015-01-19 07:07:15,2015-01-19 07:07:39,MD5,2c044996bfd029c30c22f62b51e19556,false,abcdef,defabc
d992404a-556f-11ed-bd9b-be1648daefb8,HLSL30.020/HLS.L30.T55TCJ.2015019T010715.v2.0/HLS.L30.T55TCJ.2015019T010715.v2.0.B02.tif,100,2015-01-19 07:07:15,2015-01-19 07:07:15,2015-01-19 07:07:39,MD5,2c044996bfd029c30c22f62b51e19556,false,abcdef,defabc
d9924220-556f-11ed-bd9b-be1648daefb8,HLSL30.020/HLS.L30.T55TCJ.2015019T010715.v2.0/HLS.L30.T55TCJ.2015019T010715.v2.0.B07.tif,100,2015-01-19 07:07:15,2015-01-19 07:07:15,2015-01-19 07:07:39,MD5,2c044996bfd029c30c22f62b51e19556,false,abcdef,defabc
d99243ec-556f-11ed-bd9b-be1648daefb8,HLSL30.020/HLS.L30.T55TCJ.2015019T010715.v2.0/HLS.L30.T55TCJ.2015019T010715.v2.0.SZA.tif,100,2015-01-19 07:07:15,2015-01-19 07:07:15,2015-01-19 07:07:39,MD5,2c044996bfd029c30c22f62b51e19556,false,abcdef,defabc
d99245c2-556f-11ed-bd9b-be1648daefb8,HLSL30.020/HLS.L30.T55TCJ.2015019T010715.v2.0/HLS.L30.T55TCJ.2015019T010715.v2.0.VAA.tif,100,2015-01-19 07:07:15,2015-01-19 07:07:15,2015-01-19 07:07:39,MD5,2c044996bfd029c30c22f62b51e19556,false,abcdef,defabc
d9924798-556f-11ed-bd9b-be1648daefb8,HLSL30.020/HLS.L30.T55TCJ.2015019T010715.v2.0/HLS.L30.T55TCJ.2015019T010715.v2.0.cmr.xml,100,2015-01-19 07:07:15,2015-01-19 07:07:15,2015-01-19 07:07:39,MD5,2c044996bfd029c30c22f62b51e19556,false,abcdef,defabc
d99249a0-556f-11ed-bd9b-be1648daefb8,HLSL30.020/HLS.L30.T54TYP.2015019T010715.v2.0/HLS.L30.T54TYP.2015019T010715.v2.0.B07.tif,100,2015-01-19 07:07:15,2015-01-19 07:07:15,2015-01-19 07:07:39,MD5,2c044996bfd029c30c22f62b51e19556,false,abcdef,defabc
d9925418-556f-11ed-bd9b-be1648daefb8,HLSL30.020/HLS.L30.T54TYP.2015019T010715.v2.0/HLS.L30.T54TYP.2015019T010715.v2.0.B09.tif,100,2015-01-19 07:07:15,2015-01-19 07:07:15,2015-01-19 07:07:39,MD5,2c044996bfd029c30c22f62b51e19556,false,abcdef,defabc
d992562a-556f-11ed-bd9b-be1648daefb8,HLSL30.020/HLS.L30.T54TYP.2015019T010715.v2.0/HLS.L30.T54TYP.2015019T010715.v2.0.B05.tif,100,2015-01-19 07:07:15,2015-01-19 07:07:15,2015-01-19 07:07:39,MD5,2c044996bfd029c30c22f62b51e19556,false,abcdef,defabc
d99257f6-556f-11ed-bd9b-be1648daefb8,HLSL30.020/HLS.L30.T54TYP.2015019T010715.v2.0/HLS.L30.T54TYP.2015019T010715.v2.0.Fmask.tif,100,2015-01-19 07:07:15,2015-01-19 07:07:15,2015-01-19 07:07:39,MD5,2c044996bfd029c30c22f62b51e19556,false,abcdef,defabc
d99259cc-556f-11ed-bd9b-be1648daefb8,HLSL30.020/HLS.L30.T54TYP.2015019T010715.v2.0/HLS.L30.T54TYP.2015019T010715.v2.0.B02.tif,100,2015-01-19 07:07:15,2015-01-19 07:07:15,2015-01-19 07:07:39,MD5,2c044996bfd029c30c22f62b51e19556,false,abcdef,defabc
d9925b98-556f-11ed-bd9b-be1648daefb8,HLSL30.020/HLS.L30.T54TYP.2015019T010715.v2.0/HLS.L30.T54TYP.2015019T010715.v2.0.B06.tif,100,2015-01-19 07:07:15,2015-01-19 07:07:15,2015-01-19 07:07:39,MD5,2c044996bfd029c30c22f62b51e19556,false,abcdef,defabc
d9925d64-556f-11ed-bd9b-be1648daefb8,HLSL30.020/HLS.L30.T54TYP.2015019T010715.v2.0/HLS.L30.T54TYP.2015019T010715.v2.0.VAA.tif,100,2015-01-19 07:07:15,2015-01-19 07:07:15,2015-01-19 07:07:39,MD5,2c044996bfd029c30c22f62b51e19556,false,abcdef,defabc
d9925f30-556f-11ed-bd9b-be1648daefb8,HLSL30.020/HLS.L30.T54TYP.2015019T010715.v2.0/HLS.L30.T54TYP.2015019T010715.v2.0.SAA.tif,100,2015-01-19 07:07:15,2015-01-19 07:07:15,2015-01-19 07:07:39,MD5,2c044996bfd029c30c22f62b51e19556,false,abcdef,defabc
d9926106-556f-11ed-bd9b-be1648daefb8,HLSL30.020/HLS.L30.T54TYP.2015019T010715.v2.0/HLS.L30.T54TYP.2015019T010715.v2.0.B11.tif,100,2015-01-19 07:07:15,2015-01-19 07:07:15,2015-01-19 07:07:39,MD5,2c044996bfd029c30c22f62b51e19556,false,abcdef,defabc
d99262d2-556f-11ed-bd9b-be1648daefb8,HLSL30.020/HLS.L30.T54TYP.2015019T010715.v2.0/HLS.L30.T54TYP.2015019T010715.v2.0.B04.tif,100,2015-01-19 07:07:15,2015-01-19 07:07:15,2015-01-19 07:07:39,MD5,2c044996bfd029c30c22f62b51e19556,false,abcdef,defabc
d99264a8-556f-11ed-bd9b-be1648daefb8,HLSL30.020/HLS.L30.T54TYP.2015019T010715.v2.0/HLS.L30.T54TYP.2015019T010715.v2.0.B01.tif,100,2015-01-19 07:07:15,2015-01-19 07:07:15,2015-01-19 07:07:39,MD5,2c044996bfd029c30c22f62b51e19556,false,abcdef,defabc
d9926674-556f-11ed-bd9b-be1648daefb8,HLSL30.020/HLS.L30.T54TYP.2015019T010715.v2.0/HLS.L30.T54TYP.2015019T010715.v2.0.B10.tif,100,2015-01-19 07:07:15,2015-01-19 07:07:15,2015-01-19 07:07:39,MD5,2c044996bfd029c30c22f62b51e19556,false,abcdef,defabc
d9926840-556f-11ed-bd9b-be1648daefb8,HLSL30.020/HLS.L30.T54TYP.2015019T010715.v2.0/HLS.L30.T54TYP.2015019T010715.v2.0.B03.tif,100,2015-01-19 07:07:15,2015-01-19 07:07:15,2015-01-19 07:07:39,MD5,2c044996bfd029c30c22f62b51e19556,false,abcdef,defabc
d9926a16-556f-11ed-bd9b-be1648daefb8,HLSL30.020/HLS.L30.T54TYP.2015019T010715.v2.0/HLS.L30.T54TYP.2015019T010715.v2.0.VZA.tif,100,2015-01-19 07:07:15,2015-01-19 07:07:15,2015-01-19 07:07:39,MD5,2c044996bfd029c30c22f62b51e19556,false,abcdef,defabc
d9926be2-556f-11ed-bd9b-be1648daefb8,HLSL30.020/HLS.L30.T54TYP.2015019T010715.v2.0/HLS.L30.T54TYP.2015019T010715.v2.0.SZA.tif,100,2015-01-19 07:07:15,2015-01-19 07:07:15,2015-01-19 07:07:39,MD5,2c044996bfd029c30c22f62b51e19556,false,abcdef,defabc
d9926dae-556f-11ed-bd9b-be1648daefb8,HLSL30.020/HLS.L30.T54TYP.2015019T010715.v2.0/HLS.L30.T54TYP.2015019T010715.v2.0.cmr.xml,100,2015-01-19 07:07:15,2015-01-19 07:07:15,2015-01-19 07:07:39,MD5,2c044996bfd029c30c22f62b51e19556,false,abcdef,defabc
d9927038-556f-11ed-bd9b-be1648daefb8,HLSL30.020/HLS.L30.T54TXQ.2015019T010715.v2.0/HLS.L30.T54TXQ.2015019T010715.v2.0.VAA.tif,100,2015-01-19 07:07:15,2015-01-19 07:07:15,2015-01-19 07:07:15,MD5,2c044996bfd029c30c22f62b51e19556,false,abcdef,defabc
d992720e-556f-11ed-bd9b-be1648daefb8,HLSL30.020/HLS.L30.T54TXQ.2015019T010715.v2.0/HLS.L30.T54TXQ.2015019T010715.v2.0.B09.tif,100,2015-01-19 07:07:15,2015-01-19 07:07:15,2015-01-19 07:07:15,MD5,2c044996bfd029c30c22f62b51e19556,false,abcdef,defabc
d99273da-556f-11ed-bd9b-be1648daefb8,HLSL30.020/HLS.L30.T54TXQ.2015019T010715.v2.0/HLS.L30.T54TXQ.2015019T010715.v2.0.B06.tif,100,2015-01-19 07:07:15,2015-01-19 07:07:15,2015-01-19 07:07:15,MD5,2c044996bfd029c30c22f62b51e19556,false,abcdef,defabc
d99275a6-556f-11ed-bd9b-be1648daefb8,HLSL30.020/HLS.L30.T54TXQ.2015019T010715.v2.0/HLS.L30.T54TXQ.2015019T010715.v2.0.SAA.tif,100,2015-01-19 07:07:15,2015-01-19 07:07:15,2015-01-19 07:07:15,MD5,2c044996bfd029c30c22f62b51e19556,false,abcdef,defabc
d9927772-556f-11ed-bd9b-be1648daefb8,HLSL30.020/HLS.L30.T54TXQ.2015019T010715.v2.0/HLS.L30.T54TXQ.2015019T010715.v2.0.B07.tif,100,2015-01-19 07:07:15,2015-01-19 07:07:15,2015-01-19 07:07:15,MD5,2c044996bfd029c30c22f62b51e19556,false,abcdef,defabc
d992793e-556f-11ed-bd9b-be1648daefb8,HLSL30.020/HLS.L30.T54TXQ.2015019T010715.v2.0/HLS.L30.T54TXQ.2015019T010715.v2.0.B10.tif,100,2015-01-19 07:07:15,2015-01-19 07:07:15,2015-01-19 07:07:15,MD5,2c044996bfd029c30c22f62b51e19556,false,abcdef,defabc
d9927b6e-556f-11ed-bd9b-be1648daefb8,HLSL30.020/HLS.L30.T54TXQ.2015019T010715.v2.0/HLS.L30.T54TXQ.2015019T010715.v2.0.B02.tif,100,2015-01-19 07:07:15,2015-01-19 07:07:15,2015-01-19 07:07:15,MD5,2c044996bfd029c30c22f62b51e19556,false,abcdef,defabc
d9927d3a-556f-11ed-bd9b-be1648daefb8,HLSL30.020/HLS.L30.T54TXQ.2015019T010715.v2.0/HLS.L30.T54TXQ.2015019T010715.v2.0.B04.tif,100,2015-01-19 07:07:15,2015-01-19 07:07:15,2015-01-19 07:07:15,MD5,2c044996bfd029c30c22f62b51e19556,false,abcdef,defabc
d9927f06-556f-11ed-bd9b-be1648daefb8,HLSL30.020/HLS.L30.T54TXQ.2015019T010715.v2.0/HLS.L30.T54TXQ.2015019T010715.v2.0.B11.tif,100,2015-01-19 07:07:15,2015-01-19 07:07:15,2015-01-19 07:07:15,MD5,2c044996bfd029c30c22f62b51e19556,false,abcdef,defabc
d99280d2-556f-11ed-bd9b-be1648daefb8,HLSL30.020/HLS.L30.T54TXQ.2015019T010715.v2.0/HLS.L30.T54TXQ.2015019T010715.v2.0.Fmask.tif,100,2015-01-19 07:07:15,2015-01-19 07:07:15,2015-01-19 07:07:15,MD5,2c044996bfd029c30c22f62b51e19556,false,abcdef,defabc
d992829e-556f-11ed-bd9b-be1648daefb8,HLSL30.020/HLS.L30.T54TXQ.2015019T010715.v2.0/HLS.L30.T54TXQ.2015019T010715.v2.0.B01.tif,100,2015-01-19 07:07:15,2015-01-19 07:07:15,2015-01-19 07:07:15,MD5,2c044996bfd029c30c22f62b51e19556,false,abcdef,defabc
d992846a-556f-11ed-bd9b-be1648daefb8,HLSL30.020/HLS.L30.T54TXQ.2015019T010715.v2.0/HLS.L30.T54TXQ.2015019T010715.v2.0.VZA.tif,100,2015-01-19 07:07:15,2015-01-19 07:07:15,2015-01-19 07:07:15,MD5,2c044996bfd029c30c22f62b51e19556,false,abcdef,defabc
d9928636-556f-11ed-bd9b-be1648daefb8,HLSL30.020/HLS.L30.T54TXQ.2015019T010715.v2.0/HLS.L30.T54TXQ.2015019T010715.v2.0.B03.tif,100,2015-01-19 07:07:15,2015-01-19 07:07:15,2015-01-19 07:07:15,MD5,2c044996bfd029c30c22f62b51e19556,false,abcdef,defabc
d9928802-556f-11ed-bd9b-be1648daefb8,HLSL30.020/HLS.L30.T54TXQ.2015019T010715.v2.0/HLS.L30.T54TXQ.2015019T010715.v2.0.B05.tif,100,2015-01-19 07:07:15,2015-01-19 07:07:15,2015-01-19 07:07:15,MD5,2c044996bfd029c30c22f62b51e19556,false,abcdef,defabc
d99289ce-556f-11ed-bd9b-be1648daefb8,HLSL30.020/HLS.L30.T54TXQ.2015019T010715.v2.0/HLS.L30.T54TXQ.2015019T010715.v2.0.SZA.tif,100,2015-01-19 07:07:15,2015-01-19 07:07:15,2015-01-19 07:07:15,MD5,2c044996bfd029c30c22f62b51e19556,false,abcdef,defabc
d9928ba4-556f-11ed-bd9b-be1648daefb8,HLSL30.020/HLS.L30.T54TXQ.2015019T010715.v2.0/HLS.L30.T54TXQ.2015019T010715.v2.0.cmr.xml,100,2015-01-19 07:07:15,2015-01-19 07:07:15,2015-01-19 07:07:15,MD5,2c044996bfd029c30c22f62b51e19556,false,abcdef,defabc
d9928da2-556f-11ed-bd9b-be1648daefb8,HLSL30.020/HLS.L30.T54TXP.2015019T010715.v2.0/HLS.L30.T54TXP.2015019T010715.v2.0.SZA.tif,100,2015-01-19 07:07:15,2015-01-19 07:07:15,2015-01-19 07:07:39,MD5,2c044996bfd029c30c22f62b51e19556,false,abcdef,defabc
d9928f6e-556f-11ed-bd9b-be1648daefb8,HLSL30.020/HLS.L30.T54TXP.2015019T010715.v2.0/HLS.L30.T54TXP.2015019T010715.v2.0.SAA.tif,100,2015-01-19 07:07:15,2015-01-19 07:07:15,2015-01-19 07:07:39,MD5,2c044996bfd029c30c22f62b51e19556,false,abcdef,defabc
d99292fc-556f-11ed-bd9b-be1648daefb8,HLSL30.020/HLS.L30.T54TXP.2015019T010715.v2.0/HLS.L30.T54TXP.2015019T010715.v2.0.VAA.tif,100,2015-01-19 07:07:15,2015-01-19 07:07:15,2015-01-19 07:07:39,MD5,2c044996bfd029c30c22f62b51e19556,false,abcdef,defabc
d99294f0-556f-11ed-bd9b-be1648daefb8,HLSL30.020/HLS.L30.T54TXP.2015019T010715.v2.0/HLS.L30.T54TXP.2015019T010715.v2.0.B05.tif,100,2015-01-19 07:07:15,2015-01-19 07:07:15,2015-01-19 07:07:39,MD5,2c044996bfd029c30c22f62b51e19556,false,abcdef,defabc
d99296bc-556f-11ed-bd9b-be1648daefb8,HLSL30.020/HLS.L30.T54TXP.2015019T010715.v2.0/HLS.L30.T54TXP.2015019T010715.v2.0.B03.tif,100,2015-01-19 07:07:15,2015-01-19 07:07:15,2015-01-19 07:07:39,MD5,2c044996bfd029c30c22f62b51e19556,false,abcdef,defabc
d9929888-556f-11ed-bd9b-be1648daefb8,HLSL30.020/HLS.L30.T54TXP.2015019T010715.v2.0/HLS.L30.T54TXP.2015019T010715.v2.0.B10.tif,100,2015-01-19 07:07:15,2015-01-19 07:07:15,2015-01-19 07:07:39,MD5,2c044996bfd029c30c22f62b51e19556,false,abcdef,defabc
d9929a5e-556f-11ed-bd9b-be1648daefb8,HLSL30.020/HLS.L30.T54TXP.2015019T010715.v2.0/HLS.L30.T54TXP.2015019T010715.v2.0.VZA.tif,100,2015-01-19 07:07:15,2015-01-19 07:07:15,2015-01-19 07:07:39,MD5,2c044996bfd029c30c22f62b51e19556,false,abcdef,defabc
d9929c2a-556f-11ed-bd9b-be1648daefb8,HLSL30.020/HLS.L30.T54TXP.2015019T010715.v2.0/HLS.L30.T54TXP.2015019T010715.v2.0.B02.tif,100,2015-01-19 07:07:15,2015-01-19 07:07:15,2015-01-19 07:07:39,MD5,2c044996bfd029c30c22f62b51e19556,false,abcdef,defabc
d9929df6-556f-11ed-bd9b-be1648daefb8,HLSL30.020/HLS.L30.T54TXP.2015019T010715.v2.0/HLS.L30.T54TXP.2015019T010715.v2.0.B09.tif,100,2015-01-19 07:07:15,2015-01-19 07:07:15,2015-01-19 07:07:39,MD5,2c044996bfd029c30c22f62b51e19556,false,abcdef,defabc
d9929fc2-556f-11ed-bd9b-be1648daefb8,HLSL30.020/HLS.L30.T54TXP.2015019T010715.v2.0/HLS.L30.T54TXP.2015019T010715.v2.0.B01.tif,100,2015-01-19 07:07:15,2015-01-19 07:07:15,2015-01-19 07:07:39,MD5,2c044996bfd029c30c22f62b51e19556,false,abcdef,defabc
d992a18e-556f-11ed-bd9b-be1648daefb8,HLSL30.020/HLS.L30.T54TXP.2015019T010715.v2.0/HLS.L30.T54TXP.2015019T010715.v2.0.B11.tif,100,2015-01-19 07:07:15,2015-01-19 07:07:15,2015-01-19 07:07:39,MD5,2c044996bfd029c30c22f62b51e19556,false,abcdef,defabc
d992a35a-556f-11ed-bd9b-be1648daefb8,HLSL30.020/HLS.L30.T54TXP.2015019T010715.v2.0/HLS.L30.T54TXP.2015019T010715.v2.0.B07.tif,100,2015-01-19 07:07:15,2015-01-19 07:07:15,2015-01-19 07:07:39,MD5,2c044996bfd029c30c22f62b51e19556,false,abcdef,defabc
d992a530-556f-11ed-bd9b-be1648daefb8,HLSL30.020/HLS.L30.T54TXP.2015019T010715.v2.0/HLS.L30.T54TXP.2015019T010715.v2.0.B06.tif,100,2015-01-19 07:07:15,2015-01-19 07:07:15,2015-01-19 07:07:39,MD5,2c044996bfd029c30c22f62b51e19556,false,abcdef,defabc
d992a6fc-556f-11ed-bd9b-be1648daefb8,HLSL30.020/HLS.L30.T54TXP.2015019T010715.v2.0/HLS.L30.T54TXP.2015019T010715.v2.0.Fmask.tif,100,2015-01-19 07:07:15,2015-01-19 07:07:15,2015-01-19 07:07:39,MD5,2c044996bfd029c30c22f62b51e19556,false,abcdef,defabc
d992a8c8-556f-11ed-bd9b-be1648daefb8,HLSL30.020/HLS.L30.T54TXP.2015019T010715.v2.0/HLS.L30.T54TXP.2015019T010715.v2.0.B04.tif,100,2015-01-19 07:07:15,2015-01-19 07:07:15,2015-01-19 07:07:39,MD5,2c044996bfd029c30c22f62b51e19556,false,abcdef,defabc
d992aa9e-556f-11ed-bd9b-be1648daefb8,HLSL30.020/HLS.L30.T54TXP.2015019T010715.v2.0/HLS.L30.T54TXP.2015019T010715.v2.0.cmr.xml,100,2015-01-19 07:07:15,2015-01-19 07:07:15,2015-01-19 07:07:39,MD5,2c044996bfd029c30c22f62b51e19556,false,abcdef,defabc
d992ac9c-556f-11ed-bd9b-be1648daefb8,HLSL30.020/HLS.L30.T54SWJ.2015019T010827.v2.0/HLS.L30.T54SWJ.2015019T010827.v2.0.B09.tif,100,2015-01-19 07:08:27,2015-01-19 07:08:27,2015-01-19 07:08:50,MD5,2c044996bfd029c30c22f62b51e19556,false,abcdef,defabc
d992ae68-556f-11ed-bd9b-be1648daefb8,HLSL30.020/HLS.L30.T54SWJ.2015019T010827.v2.0/HLS.L30.T54SWJ.2015019T010827.v2.0.B01.tif,100,2015-01-19 07:08:27,2015-01-19 07:08:27,2015-01-19 07:08:50,MD5,2c044996bfd029c30c22f62b51e19556,false,abcdef,defabc
d992b034-556f-11ed-bd9b-be1648daefb8,HLSL30.020/HLS.L30.T54SWJ.2015019T010827.v2.0/HLS.L30.T54SWJ.2015019T010827.v2.0.B04.tif,100,2015-01-19 07:08:27,2015-01-19 07:08:27,2015-01-19 07:08:50,MD5,2c044996bfd029c30c22f62b51e19556,false,abcdef,defabc
d992b200-556f-11ed-bd9b-be1648daefb8,HLSL30.020/HLS.L30.T54SWJ.2015019T010827.v2.0/HLS.L30.T54SWJ.2015019T010827.v2.0.B02.tif,100,2015-01-19 07:08:27,2015-01-19 07:08:27,2015-01-19 07:08:50,MD5,2c044996bfd029c30c22f62b51e19556,false,abcdef,defabc
d992b3cc-556f-11ed-bd9b-be1648daefb8,HLSL30.020/HLS.L30.T54SWJ.2015019T010827.v2.0/HLS.L30.T54SWJ.2015019T010827.v2.0.SZA.tif,100,2015-01-19 07:08:27,2015-01-19 07:08:27,2015-01-19 07:08:50,MD5,2c044996bfd029c30c22f62b51e19556,false,abcdef,defabc
d992b598-556f-11ed-bd9b-be1648daefb8,HLSL30.020/HLS.L30.T54SWJ.2015019T010827.v2.0/HLS.L30.T54SWJ.2015019T010827.v2.0.B07.tif,100,2015-01-19 07:08:27,2015-01-19 07:08:27,2015-01-19 07:08:50,MD5,2c044996bfd029c30c22f62b51e19556,false,abcdef,defabc
d992b76e-556f-11ed-bd9b-be1648daefb8,HLSL30.020/HLS.L30.T54SWJ.2015019T010827.v2.0/HLS.L30.T54SWJ.2015019T010827.v2.0.B03.tif,100,2015-01-19 07:08:27,2015-01-19 07:08:27,2015-01-19 07:08:50,MD5,2c044996bfd029c30c22f62b51e19556,false,abcdef,defabc
d992b93a-556f-11ed-bd9b-be1648daefb8,HLSL30.020/HLS.L30.T54SWJ.2015019T010827.v2.0/HLS.L30.T54SWJ.2015019T010827.v2.0.VZA.tif,100,2015-01-19 07:08:27,2015-01-19 07:08:27,2015-01-19 07:08:50,MD5,2c044996bfd029c30c22f62b51e19556,false,abcdef,defabc
d992bb06-556f-11ed-bd9b-be1648daefb8,HLSL30.020/HLS.L30.T54SWJ.2015019T010827.v2.0/HLS.L30.T54SWJ.2015019T010827.v2.0.B11.tif,100,2015-01-19 07:08:27,2015-01-19 07:08:27,2015-01-19 07:08:50,MD5,2c044996bfd029c30c22f62b51e19556,false,abcdef,defabc
d992bcd2-556f-11ed-bd9b-be1648daefb8,HLSL30.020/HLS.L30.T54SWJ.2015019T010827.v2.0/HLS.L30.T54SWJ.2015019T010827.v2.0.B05.tif,100,2015-01-19 07:08:27,2015-01-19 07:08:27,2015-01-19 07:08:50,MD5,2c044996bfd029c30c22f62b51e19556,false,abcdef,defabc
d992be9e-556f-11ed-bd9b-be1648daefb8,HLSL30.020/HLS.L30.T54SWJ.2015019T010827.v2.0/HLS.L30.T54SWJ.2015019T010827.v2.0.Fmask.tif,100,2015-01-19 07:08:27,2015-01-19 07:08:27,2015-01-19 07:08:50,MD5,2c044996bfd029c30c22f62b51e19556,false,abcdef,defabc
d992c06a-556f-11ed-bd9b-be1648daefb8,HLSL30.020/HLS.L30.T54SWJ.2015019T010827.v2.0/HLS.L30.T54SWJ.2015019T010827.v2.0.SAA.tif,100,2015-01-19 07:08:27,2015-01-19 07:08:27,2015-01-19 07:08:50,MD5,2c044996bfd029c30c22f62b51e19556,false,abcdef,defabc
d992c236-556f-11ed-bd9b-be1648daefb8,HLSL30.020/HLS.L30.T54SWJ.2015019T010827.v2.0/HLS.L30.T54SWJ.2015019T010827.v2.0.B10.tif,100,2015-01-19 07:08:27,2015-01-19 07:08:27,2015-01-19 07:08:50,MD5,2c044996bfd029c30c22f62b51e19556,false,abcdef,defabc
d992c402-556f-11ed-bd9b-be1648daefb8,HLSL30.020/HLS.L30.T54SWJ.2015019T010827.v2.0/HLS.L30.T54SWJ.2015019T010827.v2.0.VAA.tif,100,2015-01-19 07:08:27,2015-01-19 07:08:27,2015-01-19 07:08:50,MD5,2c044996bfd029c30c22f62b51e19556,false,abcdef,defabc
d992c5ce-556f-11ed-bd9b-be1648daefb8,HLSL30.020/HLS.L30.T54SWJ.2015019T010827.v2.0/HLS.L30.T54SWJ.2015019T010827.v2.0.B06.tif,100,2015-01-19 07:08:27,2015-01-19 07:08:27,2015-01-19 07:08:50,MD5,2c044996bfd029c30c22f62b51e19556,false,abcdef,defabc
d992c7a4-556f-11ed-bd9b-be1648daefb8,HLSL30.020/HLS.L30.T54SWJ.2015019T010827.v2.0/HLS.L30.T54SWJ.2015019T010827.v2.0.cmr.xml,100,2015-01-19 07:08:27,2015-01-19 07:08:27,2015-01-19 07:08:50,MD5,2c044996bfd029c30c22f62b51e19556,false,abcdef,defabc
d992c9a2-556f-11ed-bd9b-be1648daefb8,HLSL30.020/HLS.L30.T54TWK.2015019T010827.v2.0/HLS.L30.T54TWK.2015019T010827.v2.0.Fmask.tif,100,2015-01-19 07:08:27,2015-01-19 07:08:27,2015-01-19 07:08:50,MD5,2c044996bfd029c30c22f62b51e19556,false,abcdef,defabc
d992cb6e-556f-11ed-bd9b-be1648daefb8,HLSL30.020/HLS.L30.T54TWK.2015019T010827.v2.0/HLS.L30.T54TWK.2015019T010827.v2.0.VAA.tif,100,2015-01-19 07:08:27,2015-01-19 07:08:27,2015-01-19 07:08:50,MD5,2c044996bfd029c30c22f62b51e19556,false,abcdef,defabc
d992cd3a-556f-11ed-bd9b-be1648daefb8,HLSL30.020/HLS.L30.T54TWK.2015019T010827.v2.0/HLS.L30.T54TWK.2015019T010827.v2.0.B02.tif,100,2015-01-19 07:08:27,2015-01-19 07:08:27,2015-01-19 07:08:50,MD5,2c044996bfd029c30c22f62b51e19556,false,abcdef,defabc
d992d032-556f-11ed-bd9b-be1648daefb8,HLSL30.020/HLS.L30.T54TWK.2015019T010827.v2.0/HLS.L30.T54TWK.2015019T010827.v2.0.SAA.tif,100,2015-01-19 07:08:27,2015-01-19 07:08:27,2015-01-19 07:08:50,MD5,2c044996bfd029c30c22f62b51e19556,false,abcdef,defabc
d992d21c-556f-11ed-bd9b-be1648daefb8,HLSL30.020/HLS.L30.T54TWK.2015019T010827.v2.0/HLS.L30.T54TWK.2015019T010827.v2.0.B06.tif,100,2015-01-19 07:08:27,2015-01-19 07:08:27,2015-01-19 07:08:50,MD5,2c044996bfd029c30c22f62b51e19556,false,abcdef,defabc
d992d406-556f-11ed-bd9b-be1648daefb8,HLSL30.020/HLS.L30.T54TWK.2015019T010827.v2.0/HLS.L30.T54TWK.2015019T010827.v2.0.B03.tif,100,2015-01-19 07:08:27,2015-01-19 07:08:27,2015-01-19 07:08:50,MD5,2c044996bfd029c30c22f62b51e19556,false,abcdef,defabc
d992d5dc-556f-11ed-bd9b-be1648daefb8,HLSL30.020/HLS.L30.T54TWK.2015019T010827.v2.0/HLS.L30.T54TWK.2015019T010827.v2.0.B10.tif,100,2015-01-19 07:08:27,2015-01-19 07:08:27,2015-01-19 07:08:50,MD5,2c044996bfd029c30c22f62b51e19556,false,abcdef,defabc
d992d7a8-556f-11ed-bd9b-be1648daefb8,HLSL30.020/HLS.L30.T54TWK.2015019T010827.v2.0/HLS.L30.T54TWK.2015019T010827.v2.0.VZA.tif,100,2015-01-19 07:08:27,2015-01-19 07:08:27,2015-01-19 07:08:50,MD5,2c044996bfd029c30c22f62b51e19556,false,abcdef,defabc
d992d974-556f-11ed-bd9b-be1648daefb8,HLSL30.020/HLS.L30.T54TWK.2015019T010827.v2.0/HLS.L30.T54TWK.2015019T010827.v2.0.B11.tif,100,2015-01-19 07:08:27,2015-01-19 07:08:27,2015-01-19 07:08:50,MD5,2c044996bfd029c30c22f62b51e19556,false,abcdef,defabc
d992db40-556f-11ed-bd9b-be1648daefb8,HLSL30.020/HLS.L30.T54TWK.2015019T010827.v2.0/HLS.L30.T54TWK.2015019T010827.v2.0.SZA.tif,100,2015-01-19 07:08:27,2015-01-19 07:08:27,2015-01-19 07:08:50,MD5,2c044996bfd029c30c22f62b51e19556,false,abcdef,defabc
d992dd16-556f-11ed-bd9b-be1648daefb8,HLSL30.020/HLS.L30.T54TWK.2015019T010827.v2.0/HLS.L30.T54TWK.2015019T010827.v2.0.B04.tif,100,2015-01-19 07:08:27,2015-01-19 07:08:27,2015-01-19 07:08:50,MD5,2c044996bfd029c30c22f62b51e19556,false,abcdef,defabc
d992dee2-556f-11ed-bd9b-be1648daefb8,HLSL30.020/HLS.L30.T54TWK.2015019T010827.v2.0/HLS.L30.T54TWK.2015019T010827.v2.0.B07.tif,100,2015-01-19 07:08:27,2015-01-19 07:08:27,2015-01-19 07:08:50,MD5,2c044996bfd029c30c22f62b51e19556,false,abcdef,defabc
d992e0ae-556f-11ed-bd9b-be1648daefb8,HLSL30.020/HLS.L30.T54TWK.2015019T010827.v2.0/HLS.L30.T54TWK.2015019T010827.v2.0.B05.tif,100,2015-01-19 07:08:27,2015-01-19 07:08:27,2015-01-19 07:08:50,MD5,2c044996bfd029c30c22f62b51e19556,false,abcdef,defabc
d992e27a-556f-11ed-bd9b-be1648daefb8,HLSL30.020/HLS.L30.T54TWK.2015019T010827.v2.0/HLS.L30.T54TWK.2015019T010827.v2.0.B09.tif,100,2015-01-19 07:08:27,2015-01-19 07:08:27,2015-01-19 07:08:50,MD5,2c044996bfd029c30c22f62b51e19556,false,abcdef,defabc
d992e450-556f-11ed-bd9b-be1648daefb8,HLSL30.020/HLS.L30.T54TWK.2015019T010827.v2.0/HLS.L30.T54TWK.2015019T010827.v2.0.B01.tif,100,2015-01-19 07:08:27,2015-01-19 07:08:27,2015-01-19 07:08:50,MD5,2c044996bfd029c30c22f62b51e19556,false,abcdef,defabc
d992e626-556f-11ed-bd9b-be1648daefb8,HLSL30.020/HLS.L30.T54TWK.2015019T010827.v2.0/HLS.L30.T54TWK.2015019T010827.v2.0.cmr.xml,100,2015-01-19 07:08:27,2015-01-19 07:08:27,2015-01-19 07:08:50,MD5,2c044996bfd029c30c22f62b51e19556,false,abcdef,defabc
d992e824-556f-11ed-bd9b-be1648daefb8,HLSL30.020/HLS.L30.T54SWH.2015019T010850.v2.0/HLS.L30.T54SWH.2015019T010850.v2.0.B06.tif,100,2015-01-19 07:08:50,2015-01-19 07:08:50,2015-01-19 07:09:14,MD5,2c044996bfd029c30c22f62b51e19556,false,abcdef,defabc
d992e9f0-556f-11ed-bd9b-be1648daefb8,HLSL30.020/HLS.L30.T54SWH.2015019T010850.v2.0/HLS.L30.T54SWH.2015019T010850.v2.0.SAA.tif,100,2015-01-19 07:08:50,2015-01-19 07:08:50,2015-01-19 07:09:14,MD5,2c044996bfd029c30c22f62b51e19556,false,abcdef,defabc
d992ebbc-556f-11ed-bd9b-be1648daefb8,HLSL30.020/HLS.L30.T54SWH.2015019T010850.v2.0/HLS.L30.T54SWH.2015019T010850.v2.0.B01.tif,100,2015-01-19 07:08:50,2015-01-19 07:08:50,2015-01-19 07:09:14,MD5,2c044996bfd029c30c22f62b51e19556,false,abcdef,defabc
d992ed88-556f-11ed-bd9b-be1648daefb8,HLSL30.020/HLS.L30.T54SWH.2015019T010850.v2.0/HLS.L30.T54SWH.2015019T010850.v2.0.B04.tif,100,2015-01-19 07:08:50,2015-01-19 07:08:50,2015-01-19 07:09:14,MD5,2c044996bfd029c30c22f62b51e19556,false,abcdef,defabc
d992ef5e-556f-11ed-bd9b-be1648daefb8,HLSL30.020/HLS.L30.T54SWH.2015019T010850.v2.0/HLS.L30.T54SWH.2015019T010850.v2.0.B07.tif,100,2015-01-19 07:08:50,2015-01-19 07:08:50,2015-01-19 07:09:14,MD5,2c044996bfd029c30c22f62b51e19556,false,abcdef,defabc
d992f12a-556f-11ed-bd9b-be1648daefb8,HLSL30.020/HLS.L30.T54SWH.2015019T010850.v2.0/HLS.L30.T54SWH.2015019T010850.v2.0.B11.tif,100,2015-01-19 07:08:50,2015-01-19 07:08:50,2015-01-19 07:09:14,MD5,2c044996bfd029c30c22f62b51e19556,false,abcdef,defabc
d992f2f6-556f-11ed-bd9b-be1648daefb8,HLSL30.020/HLS.L30.T54SWH.2015019T010850.v2.0/HLS.L30.T54SWH.2015019T010850.v2.0.Fmask.tif,100,2015-01-19 07:08:50,2015-01-19 07:08:50,2015-01-19 07:09:14,MD5,2c044996bfd029c30c22f62b51e19556,false,abcdef,defabc
d992f4c2-556f-11ed-bd9b-be1648daefb8,HLSL30.020/HLS.L30.T54SWH.2015019T010850.v2.0/HLS.L30.T54SWH.2015019T010850.v2.0.B02.tif,100,2015-01-19 07:08:50,2015-01-19 07:08:50,2015-01-19 07:09:14,MD5,2c044996bfd029c30c22f62b51e19556,false,abcdef,defabc
d992f68e-556f-11ed-bd9b-be1648daefb8,HLSL30.020/HLS.L30.T54SWH.2015019T010850.v2.0/HLS.L30.T54SWH.2015019T010850.v2.0.B05.tif,100,2015-01-19 07:08:50,2015-01-19 07:08:50,2015-01-19 07:09:14,MD5,2c044996bfd029c30c22f62b51e19556,false,abcdef,defabc
d992f85a-556f-11ed-bd9b-be1648daefb8,HLSL30.020/HLS.L30.T54SWH.2015019T010850.v2.0/HLS.L30.T54SWH.2015019T010850.v2.0.B03.tif,100,2015-01-19 07:08:50,2015-01-19 07:08:50,2015-01-19 07:09:14,MD5,2c044996bfd029c30c22f62b51e19556,false,abcdef,defabc
d992fa26-556f-11ed-bd9b-be1648daefb8,HLSL30.020/HLS.L30.T54SWH.2015019T010850.v2.0/HLS.L30.T54SWH.2015019T010850.v2.0.VZA.tif,100,2015-01-19 07:08:50,2015-01-19 07:08:50,2015-01-19 07:09:14,MD5,2c044996bfd029c30c22f62b51e19556,false,abcdef,defabc
d992fbf2-556f-11ed-bd9b-be1648daefb8,HLSL30.020/HLS.L30.T54SWH.2015019T010850.v2.0/HLS.L30.T54SWH.2015019T010850.v2.0.SZA.tif,100,2015-01-19 07:08:50,2015-01-19 07:08:50,2015-01-19 07:09:14,MD5,2c044996bfd029c30c22f62b51e19556,false,abcdef,defabc
d992fdbe-556f-11ed-bd9b-be1648daefb8,HLSL30.020/HLS.L30.T54SWH.2015019T010850.v2.0/HLS.L30.T54SWH.2015019T010850.v2.0.B10.tif,100,2015-01-19 07:08:50,2015-01-19 07:08:50,2015-01-19 07:09:14,MD5,2c044996bfd029c30c22f62b51e19556,false,abcdef,defabc
d992ff94-556f-11ed-bd9b-be1648daefb8,HLSL30.020/HLS.L30.T54SWH.2015019T010850.v2.0/HLS.L30.T54SWH.2015019T010850.v2.0.VAA.tif,100,2015-01-19 07:08:50,2015-01-19 07:08:50,2015-01-19 07:09:14,MD5,2c044996bfd029c30c22f62b51e19556,false,abcdef,defabc
d9930160-556f-11ed-bd9b-be1648daefb8,HLSL30.020/HLS.L30.T54SWH.2015019T010850.v2.0/HLS.L30.T54SWH.2015019T010850.v2.0.B09.tif,100,2015-01-19 07:08:50,2015-01-19 07:08:50,2015-01-19 07:09:14,MD5,2c044996bfd029c30c22f62b51e19556,false,abcdef,defabc
d9930336-556f-11ed-bd9b-be1648daefb8,HLSL30.020/HLS.L30.T54SWH.2015019T010850.v2.0/HLS.L30.T54SWH.2015019T010850.v2.0.cmr.xml,100,2015-01-19 07:08:50,2015-01-19 07:08:50,2015-01-19 07:09:14,MD5,2c044996bfd029c30c22f62b51e19556,false,abcdef,defabc
d9930534-556f-11ed-bd9b-be1648daefb8,HLSL30.020/HLS.L30.T54SVG.2015019T010914.v2.0/HLS.L30.T54SVG.2015019T010914.v2.0.B02.tif,100,2015-01-19 07:09:14,2015-01-19 07:09:14,2015-01-19 07:09:14,MD5,2c044996bfd029c30c22f62b51e19556,false,abcdef,defabc
d993070a-556f-11ed-bd9b-be1648daefb8,HLSL30.020/HLS.L30.T54SVG.2015019T010914.v2.0/HLS.L30.T54SVG.2015019T010914.v2.0.B03.tif,100,2015-01-19 07:09:14,2015-01-19 07:09:14,2015-01-19 07:09:14,MD5,2c044996bfd029c30c22f62b51e19556,false,abcdef,defabc
d99308d6-556f-11ed-bd9b-be1648daefb8,HLSL30.020/HLS.L30.T54SVG.2015019T010914.v2.0/HLS.L30.T54SVG.2015019T010914.v2.0.SZA.tif,100,2015-01-19 07:09:14,2015-01-19 07:09:14,2015-01-19 07:09:14,MD5,2c044996bfd029c30c22f62b51e19556,false,abcdef,defabc
d9930aa2-556f-11ed-bd9b-be1648daefb8,HLSL30.020/HLS.L30.T54SVG.2015019T010914.v2.0/HLS.L30.T54SVG.2015019T010914.v2.0.B05.tif,100,2015-01-19 07:09:14,2015-01-19 07:09:14,2015-01-19 07:09:14,MD5,2c044996bfd029c30c22f62b51e19556,false,abcdef,defabc
d9930d54-556f-11ed-bd9b-be1648daefb8,HLSL30.020/HLS.L30.T54SVG.2015019T010914.v2.0/HLS.L30.T54SVG.2015019T010914.v2.0.B10.tif,100,2015-01-19 07:09:14,2015-01-19 07:09:14,2015-01-19 07:09:14,MD5,2c044996bfd029c30c22f62b51e19556,false,abcdef,defabc
d9930f34-556f-11ed-bd9b-be1648daefb8,HLSL30.020/HLS.L30.T54SVG.2015019T010914.v2.0/HLS.L30.T54SVG.2015019T010914.v2.0.VAA.tif,100,2015-01-19 07:09:14,2015-01-19 07:09:14,2015-01-19 07:09:14,MD5,2c044996bfd029c30c22f62b51e19556,false,abcdef,defabc
d9931100-556f-11ed-bd9b-be1648daefb8,HLSL30.020/HLS.L30.T54SVG.2015019T010914.v2.0/HLS.L30.T54SVG.2015019T010914.v2.0.Fmask.tif,100,2015-01-19 07:09:14,2015-01-19 07:09:14,2015-01-19 07:09:14,MD5,2c044996bfd029c30c22f62b51e19556,false,abcdef,defabc
d99312d6-556f-11ed-bd9b-be1648daefb8,HLSL30.020/HLS.L30.T54SVG.2015019T010914.v2.0/HLS.L30.T54SVG.2015019T010914.v2.0.B06.tif,100,2015-01-19 07:09:14,2015-01-19 07:09:14,2015-01-19 07:09:14,MD5,2c044996bfd029c30c22f62b51e19556,false,abcdef,defabc
d99314a2-556f-11ed-bd9b-be1648daefb8,HLSL30.020/HLS.L30.T54SVG.2015019T010914.v2.0/HLS.L30.T54SVG.2015019T010914.v2.0.B09.tif,100,2015-01-19 07:09:14,2015-01-19 07:09:14,2015-01-19 07:09:14,MD5,2c044996bfd029c30c22f62b51e19556,false,abcdef,defabc
d993166e-556f-11ed-bd9b-be1648daefb8,HLSL30.020/HLS.L30.T54SVG.2015019T010914.v2.0/HLS.L30.T54SVG.2015019T010914.v2.0.B04.tif,100,2015-01-19 07:09:14,2015-01-19 07:09:14,2015-01-19 07:09:14,MD5,2c044996bfd029c30c22f62b51e19556,false,abcdef,defabc
d993183a-556f-11ed-bd9b-be1648daefb8,HLSL30.020/HLS.L30.T54SVG.2015019T010914.v2.0/HLS.L30.T54SVG.2015019T010914.v2.0.VZA.tif,100,2015-01-19 07:09:14,2015-01-19 07:09:14,2015-01-19 07:09:14,MD5,2c044996bfd029c30c22f62b51e19556,false,abcdef,defabc
d9931a06-556f-11ed-bd9b-be1648daefb8,HLSL30.020/HLS.L30.T54SVG.2015019T010914.v2.0/HLS.L30.T54SVG.2015019T010914.v2.0.B01.tif,100,2015-01-19 07:09:14,2015-01-19 07:09:14,2015-01-19 07:09:14,MD5,2c044996bfd029c30c22f62b51e19556,false,abcdef,defabc
d9931bd2-556f-11ed-bd9b-be1648daefb8,HLSL30.020/HLS.L30.T54SVG.2015019T010914.v2.0/HLS.L30.T54SVG.2015019T010914.v2.0.B07.tif,100,2015-01-19 07:09:14,2015-01-19 07:09:14,2015-01-19 07:09:14,MD5,2c044996bfd029c30c22f62b51e19556,false,abcdef,defabc
d9931d9e-556f-11ed-bd9b-be1648daefb8,HLSL30.020/HLS.L30.T54SVG.2015019T010914.v2.0/HLS.L30.T54SVG.2015019T010914.v2.0.SAA.tif,100,2015-01-19 07:09:14,2015-01-19 07:09:14,2015-01-19 07:09:14,MD5,2c044996bfd029c30c22f62b51e19556,false,abcdef,defabc
d9931f6a-556f-11ed-bd9b-be1648daefb8,HLSL30.020/HLS.L30.T54SVG.2015019T010914.v2.0/HLS.L30.T54SVG.2015019T010914.v2.0.B11.tif,100,2015-01-19 07:09:14,2015-01-19 07:09:14,2015-01-19 07:09:14,MD5,2c044996bfd029c30c22f62b51e19556,false,abcdef,defabc
d993214a-556f-11ed-bd9b-be1648daefb8,HLSL30.020/HLS.L30.T54SVG.2015019T010914.v2.0/HLS.L30.T54SVG.2015019T010914.v2.0.cmr.xml,100,2015-01-19 07:09:14,2015-01-19 07:09:14,2015-01-19 07:09:14,MD5,2c044996bfd029c30c22f62b51e19556,false,abcdef,defabc
d9932316-556f-11ed-bd9b-be1648daefb8,HLSL30.020/HLS.L30.T54SWG.2015019T010914.v2.0/HLS.L30.T54SWG.2015019T010914.v2.0.VAA.tif,100,2015-01-19 07:09:14,2015-01-19 07:09:14,2015-01-19 07:09:14,MD5,2c044996bfd029c30c22f62b51e19556,false,abcdef,defabc
d99324a6-556f-11ed-bd9b-be1648daefb8,HLSL30.020/HLS.L30.T54SWG.2015019T010914.v2.0/HLS.L30.T54SWG.2015019T010914.v2.0.B06.tif,100,2015-01-19 07:09:14,2015-01-19 07:09:14,2015-01-19 07:09:14,MD5,2c044996bfd029c30c22f62b51e19556,false,abcdef,defabc
d9932636-556f-11ed-bd9b-be1648daefb8,HLSL30.020/HLS.L30.T54SWG.2015019T010914.v2.0/HLS.L30.T54SWG.2015019T010914.v2.0.B04.tif,100,2015-01-19 07:09:14,2015-01-19 07:09:14,2015-01-19 07:09:14,MD5,2c044996bfd029c30c22f62b51e19556,false,abcdef,defabc
d99327c6-556f-11ed-bd9b-be1648daefb8,HLSL30.020/HLS.L30.T54SWG.2015019T010914.v2.0/HLS.L30.T54SWG.2015019T010914.v2.0.B10.tif,100,2015-01-19 07:09:14,2015-01-19 07:09:14,2015-01-19 07:09:14,MD5,2c044996bfd029c30c22f62b51e19556,false,abcdef,defabc
d993294c-556f-11ed-bd9b-be1648daefb8,HLSL30.020/HLS.L30.T54SWG.2015019T010914.v2.0/HLS.L30.T54SWG.2015019T010914.v2.0.B09.tif,100,2015-01-19 07:09:14,2015-01-19 07:09:14,2015-01-19 07:09:14,MD5,2c044996bfd029c30c22f62b51e19556,false,abcdef,defabc
d9932adc-556f-11ed-bd9b-be1648daefb8,HLSL30.020/HLS.L30.T54SWG.2015019T010914.v2.0/HLS.L30.T54SWG.2015019T010914.v2.0.B05.tif,100,2015-01-19 07:09:14,2015-01-19 07:09:14,2015-01-19 07:09:14,MD5,2c044996bfd029c30c22f62b51e19556,false,abcdef,defabc
d9932c76-556f-11ed-bd9b-be1648daefb8,HLSL30.020/HLS.L30.T54SWG.2015019T010914.v2.0/HLS.L30.T54SWG.2015019T010914.v2.0.B11.tif,100,2015-01-19 07:09:14,2015-01-19 07:09:14,2015-01-19 07:09:14,MD5,2c044996bfd029c30c22f62b51e19556,false,abcdef,defabc
d9932e06-556f-11ed-bd9b-be1648daefb8,HLSL30.020/HLS.L30.T54SWG.2015019T010914.v2.0/HLS.L30.T54SWG.2015019T010914.v2.0.B03.tif,100,2015-01-19 07:09:14,2015-01-19 07:09:14,2015-01-19 07:09:14,MD5,2c044996bfd029c30c22f62b51e19556,false,abcdef,defabc
d9932f96-556f-11ed-bd9b-be1648daefb8,HLSL30.020/HLS.L30.T54SWG.2015019T010914.v2.0/HLS.L30.T54SWG.2015019T010914.v2.0.B01.tif,100,2015-01-19 07:09:14,2015-01-19 07:09:14,2015-01-19 07:09:14,MD5,2c044996bfd029c30c22f62b51e19556,false,abcdef,defabc
d993311c-556f-11ed-bd9b-be1648daefb8,HLSL30.020/HLS.L30.T54SWG.2015019T010914.v2.0/HLS.L30.T54SWG.2015019T010914.v2.0.SAA.tif,100,2015-01-19 07:09:14,2015-01-19 07:09:14,2015-01-19 07:09:14,MD5,2c044996bfd029c30c22f62b51e19556,false,abcdef,defabc
d99332ac-556f-11ed-bd9b-be1648daefb8,HLSL30.020/HLS.L30.T54SWG.2015019T010914.v2.0/HLS.L30.T54SWG.2015019T010914.v2.0.B02.tif,100,2015-01-19 07:09:14,2015-01-19 07:09:14,2015-01-19 07:09:14,MD5,2c044996bfd029c30c22f62b51e19556,false,abcdef,defabc
d993343c-556f-11ed-bd9b-be1648daefb8,HLSL30.020/HLS.L30.T54SWG.2015019T010914.v2.0/HLS.L30.T54SWG.2015019T010914.v2.0.B07.tif,100,2015-01-19 07:09:14,2015-01-19 07:09:14,2015-01-19 07:09:14,MD5,2c044996bfd029c30c22f62b51e19556,false,abcdef,defabc
d99335cc-556f-11ed-bd9b-be1648daefb8,HLSL30.020/HLS.L30.T54SWG.2015019T010914.v2.0/HLS.L30.T54SWG.2015019T010914.v2.0.VZA.tif,100,2015-01-19 07:09:14,2015-01-19 07:09:14,2015-01-19 07:09:14,MD5,2c044996bfd029c30c22f62b51e19556,false,abcdef,defabc
d9933766-556f-11ed-bd9b-be1648daefb8,HLSL30.020/HLS.L30.T54SWG.2015019T010914.v2.0/HLS.L30.T54SWG.2015019T010914.v2.0.Fmask.tif,100,2015-01-19 07:09:14,2015-01-19 07:09:14,2015-01-19 07:09:14,MD5,2c044996bfd029c30c22f62b51e19556,false,abcdef,defabc
d99338f6-556f-11ed-bd9b-be1648daefb8,HLSL30.020/HLS.L30.T54SWG.2015019T010914.v2.0/HLS.L30.T54SWG.2015019T010914.v2.0.SZA.tif,100,2015-01-19 07:09:14,2015-01-19 07:09:14,2015-01-19 07:09:14,MD5,2c044996bfd029c30c22f62b51e19556,false,abcdef,defabc
d9933a90-556f-11ed-bd9b-be1648daefb8,HLSL30.020/HLS.L30.T54SWG.2015019T010914.v2.0/HLS.L30.T54SWG.2015019T010914.v2.0.cmr.xml,100,2015-01-19 07:09:14,2015-01-19 07:09:14,2015-01-19 07:09:14,MD5,2c044996bfd029c30c22f62b51e19556,false,abcdef,defabc
da5309c4-556f-11ed-bd9b-be1648daefb8,HLSL30.020/HLS.L30.T54SVF.2015019T010914.v2.0/HLS.L30.T54SVF.2015019T010914.v2.0.Fmask.tif,100,2015-01-19 07:09:14,2015-01-19 07:09:14,2015-01-19 07:09:38,MD5,2c044996bfd029c30c22f62b51e19556,false,abcdef,defabc
da531112-556f-11ed-bd9b-be1648daefb8,HLSL30.020/HLS.L30.T54SVF.2015019T010914.v2.0/HLS.L30.T54SVF.2015019T010914.v2.0.B10.tif,100,2015-01-19 07:09:14,2015-01-19 07:09:14,2015-01-19 07:09:38,MD5,2c044996bfd029c30c22f62b51e19556,false,abcdef,defabc
da5312d4-556f-11ed-bd9b-be1648daefb8,HLSL30.020/HLS.L30.T54SVF.2015019T010914.v2.0/HLS.L30.T54SVF.2015019T010914.v2.0.B02.tif,100,2015-01-19 07:09:14,2015-01-19 07:09:14,2015-01-19 07:09:38,MD5,2c044996bfd029c30c22f62b51e19556,false,abcdef,defabc
da531464-556f-11ed-bd9b-be1648daefb8,HLSL30.020/HLS.L30.T54SVF.2015019T010914.v2.0/HLS.L30.T54SVF.2015019T010914.v2.0.B11.tif,100,2015-01-19 07:09:14,2015-01-19 07:09:14,2015-01-19 07:09:38,MD5,2c044996bfd029c30c22f62b51e19556,false,abcdef,defabc
da5315e0-556f-11ed-bd9b-be1648daefb8,HLSL30.020/HLS.L30.T54SVF.2015019T010914.v2.0/HLS.L30.T54SVF.2015019T010914.v2.0.B05.tif,100,2015-01-19 07:09:14,2015-01-19 07:09:14,2015-01-19 07:09:38,MD5,2c044996bfd029c30c22f62b51e19556,false,abcdef,defabc
da531d60-556f-11ed-bd9b-be1648daefb8,HLSL30.020/HLS.L30.T54SVF.2015019T010914.v2.0/HLS.L30.T54SVF.2015019T010914.v2.0.B01.tif,100,2015-01-19 07:09:14,2015-01-19 07:09:14,2015-01-19 07:09:38,MD5,2c044996bfd029c30c22f62b51e19556,false,abcdef,defabc
da531f04-556f-11ed-bd9b-be1648daefb8,HLSL30.020/HLS.L30.T54SVF.2015019T010914.v2.0/HLS.L30.T54SVF.2015019T010914.v2.0.B03.tif,100,2015-01-19 07:09:14,2015-01-19 07:09:14,2015-01-19 07:09:38,MD5,2c044996bfd029c30c22f62b51e19556,false,abcdef,defabc
da532080-556f-11ed-bd9b-be1648daefb8,HLSL30.020/HLS.L30.T54SVF.2015019T010914.v2.0/HLS.L30.T54SVF.2015019T010914.v2.0.B09.tif,100,2015-01-19 07:09:14,2015-01-19 07:09:14,2015-01-19 07:09:38,MD5,2c044996bfd029c30c22f62b51e19556,false,abcdef,defabc
da53221a-556f-11ed-bd9b-be1648daefb8,HLSL30.020/HLS.L30.T54SVF.2015019T010914.v2.0/HLS.L30.T54SVF.2015019T010914.v2.0.B07.tif,100,2015-01-19 07:09:14,2015-01-19 07:09:14,2015-01-19 07:09:38,MD5,2c044996bfd029c30c22f62b51e19556,false,abcdef,defabc
da532382-556f-11ed-bd9b-be1648daefb8,HLSL30.020/HLS.L30.T54SVF.2015019T010914.v2.0/HLS.L30.T54SVF.2015019T010914.v2.0.SZA.tif,100,2015-01-19 07:09:14,2015-01-19 07:09:14,2015-01-19 07:09:38,MD5,2c044996bfd029c30c22f62b51e19556,false,abcdef,defabc
da5324ea-556f-11ed-bd9b-be1648daefb8,HLSL30.020/HLS.L30.T54SVF.2015019T010914.v2.0/HLS.L30.T54SVF.2015019T010914.v2.0.VZA.tif,100,2015-01-19 07:09:14,2015-01-19 07:09:14,2015-01-19 07:09:38,MD5,2c044996bfd029c30c22f62b51e19556,false,abcdef,defabc
da532652-556f-11ed-bd9b-be1648daefb8,HLSL30.020/HLS.L30.T54SVF.2015019T010914.v2.0/HLS.L30.T54SVF.2015019T010914.v2.0.B06.tif,100,2015-01-19 07:09:14,2015-01-19 07:09:14,2015-01-19 07:09:38,MD5,2c044996bfd029c30c22f62b51e19556,false,abcdef,defabc
da5327c4-556f-11ed-bd9b-be1648daefb8,HLSL30.020/HLS.L30.T54SVF.2015019T010914.v2.0/HLS.L30.T54SVF.2015019T010914.v2.0.VAA.tif,100,2015-01-19 07:09:14,2015-01-19 07:09:14,2015-01-19 07:09:38,MD5,2c044996bfd029c30c22f62b51e19556,false,abcdef,defabc
da53292c-556f-11ed-bd9b-be1648daefb8,HLSL30.020/HLS.L30.T54SVF.2015019T010914.v2.0/HLS.L30.T54SVF.2015019T010914.v2.0.B04.tif,100,2015-01-19 07:09:14,2015-01-19 07:09:14,2015-01-19 07:09:38,MD5,2c044996bfd029c30c22f62b51e19556,false,abcdef,defabc
da532a94-556f-11ed-bd9b-be1648daefb8,HLSL30.020/HLS.L30.T54SVF.2015019T010914.v2.0/HLS.L30.T54SVF.2015019T010914.v2.0.SAA.tif,100,2015-01-19 07:09:14,2015-01-19 07:09:14,2015-01-19 07:09:38,MD5,2c044996bfd029c30c22f62b51e19556,false,abcdef,defabc
da532c06-556f-11ed-bd9b-be1648daefb8,HLSL30.020/HLS.L30.T54SVF.2015019T010914.v2.0/HLS.L30.T54SVF.2015019T010914.v2.0.cmr.xml,100,2015-01-19 07:09:14,2015-01-19 07:09:14,2015-01-19 07:09:38,MD5,2c044996bfd029c30c22f62b51e19556,false,abcdef,defabc
da532da0-556f-11ed-bd9b-be1648daefb8,HLSL30.020/HLS.L30.T54SVE.2015019T010938.v2.0/HLS.L30.T54SVE.2015019T010938.v2.0.B06.tif,100,2015-01-19 07:09:38,2015-01-19 07:09:38,2015-01-19 07:10:02,MD5,2c044996bfd029c30c22f62b51e19556,false,abcdef,defabc
da532f08-556f-11ed-bd9b-be1648daefb8,HLSL30.020/HLS.L30.T54SVE.2015019T010938.v2.0/HLS.L30.T54SVE.2015019T010938.v2.0.B05.tif,100,2015-01-19 07:09:38,2015-01-19 07:09:38,2015-01-19 07:10:02,MD5,2c044996bfd029c30c22f62b51e19556,false,abcdef,defabc
da53307a-556f-11ed-bd9b-be1648daefb8,HLSL30.020/HLS.L30.T54SVE.2015019T010938.v2.0/HLS.L30.T54SVE.2015019T010938.v2.0.SAA.tif,100,2015-01-19 07:09:38,2015-01-19 07:09:38,2015-01-19 07:10:02,MD5,2c044996bfd029c30c22f62b51e19556,false,abcdef,defabc
da5331d8-556f-11ed-bd9b-be1648daefb8,HLSL30.020/HLS.L30.T54SVE.2015019T010938.v2.0/HLS.L30.T54SVE.2015019T010938.v2.0.B03.tif,100,2015-01-19 07:09:38,2015-01-19 07:09:38,2015-01-19 07:10:02,MD5,2c044996bfd029c30c22f62b51e19556,false,abcdef,defabc
da533340-556f-11ed-bd9b-be1648daefb8,HLSL30.020/HLS.L30.T54SVE.2015019T010938.v2.0/HLS.L30.T54SVE.2015019T010938.v2.0.SZA.tif,100,2015-01-19 07:09:38,2015-01-19 07:09:38,2015-01-19 07:10:02,MD5,2c044996bfd029c30c22f62b51e19556,false,abcdef,defabc
da5334a8-556f-11ed-bd9b-be1648daefb8,HLSL30.020/HLS.L30.T54SVE.2015019T010938.v2.0/HLS.L30.T54SVE.2015019T010938.v2.0.VZA.tif,100,2015-01-19 07:09:38,2015-01-19 07:09:38,2015-01-19 07:10:02,MD5,2c044996bfd029c30c22f62b51e19556,false,abcdef,defabc
da533610-556f-11ed-bd9b-be1648daefb8,HLSL30.020/HLS.L30.T54SVE.2015019T010938.v2.0/HLS.L30.T54SVE.2015019T010938.v2.0.B07.tif,100,2015-01-19 07:09:38,2015-01-19 07:09:38,2015-01-19 07:10:02,MD5,2c044996bfd029c30c22f62b51e19556,false,abcdef,defabc
da53376e-556f-11ed-bd9b-be1648daefb8,HLSL30.020/HLS.L30.T54SVE.2015019T010938.v2.0/HLS.L30.T54SVE.2015019T010938.v2.0.B02.tif,100,2015-01-19 07:09:38,2015-01-19 07:09:38,2015-01-19 07:10:02,MD5,2c044996bfd029c30c22f62b51e19556,false,abcdef,defabc
da5338d6-556f-11ed-bd9b-be1648daefb8,HLSL30.020/HLS.L30.T54SVE.2015019T010938.v2.0/HLS.L30.T54SVE.2015019T010938.v2.0.B01.tif,100,2015-01-19 07:09:38,2015-01-19 07:09:38,2015-01-19 07:10:02,MD5,2c044996bfd029c30c22f62b51e19556,false,abcdef,defabc
da533a3e-556f-11ed-bd9b-be1648daefb8,HLSL30.020/HLS.L30.T54SVE.2015019T010938.v2.0/HLS.L30.T54SVE.2015019T010938.v2.0.VAA.tif,100,2015-01-19 07:09:38,2015-01-19 07:09:38,2015-01-19 07:10:02,MD5,2c044996bfd029c30c22f62b51e19556,false,abcdef,defabc
da533b9c-556f-11ed-bd9b-be1648daefb8,HLSL30.020/HLS.L30.T54SVE.2015019T010938.v2.0/HLS.L30.T54SVE.2015019T010938.v2.0.B10.tif,100,2015-01-19 07:09:38,2015-01-19 07:09:38,2015-01-19 07:10:02,MD5,2c044996bfd029c30c22f62b51e19556,false,abcdef,defabc
da533cfa-556f-11ed-bd9b-be1648daefb8,HLSL30.020/HLS.L30.T54SVE.2015019T010938.v2.0/HLS.L30.T54SVE.2015019T010938.v2.0.B09.tif,100,2015-01-19 07:09:38,2015-01-19 07:09:38,2015-01-19 07:10:02,MD5,2c044996bfd029c30c22f62b51e19556,false,abcdef,defabc
da533e62-556f-11ed-bd9b-be1648daefb8,HLSL30.020/HLS.L30.T54SVE.2015019T010938.v2.0/HLS.L30.T54SVE.2015019T010938.v2.0.Fmask.tif,100,2015-01-19 07:09:38,2015-01-19 07:09:38,2015-01-19 07:10:02,MD5,2c044996bfd029c30c22f62b51e19556,false,abcdef,defabc
da533fc0-556f-11ed-bd9b-be1648daefb8,HLSL30.020/HLS.L30.T54SVE.2015019T010938.v2.0/HLS.L30.T54SVE.2015019T010938.v2.0.B04.tif,100,2015-01-19 07:09:38,2015-01-19 07:09:38,2015-01-19 07:10:02,MD5,2c044996bfd029c30c22f62b51e19556,false,abcdef,defabc
da534128-556f-11ed-bd9b-be1648daefb8,HLSL30.020/HLS.L30.T54SVE.2015019T010938.v2.0/HLS.L30.T54SVE.2015019T010938.v2.0.B11.tif,100,2015-01-19 07:09:38,2015-01-19 07:09:38,2015-01-19 07:10:02,MD5,2c044996bfd029c30c22f62b51e19556,false,abcdef,defabc
da534290-556f-11ed-bd9b-be1648daefb8,HLSL30.020/HLS.L30.T54SVE.2015019T010938.v2.0/HLS.L30.T54SVE.2015019T010938.v2.0.cmr.xml,100,2015-01-19 07:09:38,2015-01-19 07:09:38,2015-01-19 07:10:02,MD5,2c044996bfd029c30c22f62b51e19556,false,abcdef,defabc
da534420-556f-11ed-bd9b-be1648daefb8,HLSL30.020/HLS.L30.T54SVD.2015019T011002.v2.0/HLS.L30.T54SVD.2015019T011002.v2.0.B06.tif,100,2015-01-19 07:10:02,2015-01-19 07:10:02,2015-01-19 07:10:02,MD5,2c044996bfd029c30c22f62b51e19556,false,abcdef,defabc
da53457e-556f-11ed-bd9b-be1648daefb8,HLSL30.020/HLS.L30.T54SVD.2015019T011002.v2.0/HLS.L30.T54SVD.2015019T011002.v2.0.SAA.tif,100,2015-01-19 07:10:02,2015-01-19 07:10:02,2015-01-19 07:10:02,MD5,2c044996bfd029c30c22f62b51e19556,false,abcdef,defabc
da5346e6-556f-11ed-bd9b-be1648daefb8,HLSL30.020/HLS.L30.T54SVD.2015019T011002.v2.0/HLS.L30.T54SVD.2015019T011002.v2.0.B11.tif,100,2015-01-19 07:10:02,2015-01-19 07:10:02,2015-01-19 07:10:02,MD5,2c044996bfd029c30c22f62b51e19556,false,abcdef,defabc
da53484e-556f-11ed-bd9b-be1648daefb8,HLSL30.020/HLS.L30.T54SVD.2015019T011002.v2.0/HLS.L30.T54SVD.2015019T011002.v2.0.B05.tif,100,2015-01-19 07:10:02,2015-01-19 07:10:02,2015-01-19 07:10:02,MD5,2c044996bfd029c30c22f62b51e19556,false,abcdef,defabc
da5349b6-556f-11ed-bd9b-be1648daefb8,HLSL30.020/HLS.L30.T54SVD.2015019T011002.v2.0/HLS.L30.T54SVD.2015019T011002.v2.0.B03.tif,100,2015-01-19 07:10:02,2015-01-19 07:10:02,2015-01-19 07:10:02,MD5,2c044996bfd029c30c22f62b51e19556,false,abcdef,defabc
da534b14-556f-11ed-bd9b-be1648daefb8,HLSL30.020/HLS.L30.T54SVD.2015019T011002.v2.0/HLS.L30.T54SVD.2015019T011002.v2.0.B10.tif,100,2015-01-19 07:10:02,2015-01-19 07:10:02,2015-01-19 07:10:02,MD5,2c044996bfd029c30c22f62b51e19556,false,abcdef,defabc
da534d58-556f-11ed-bd9b-be1648daefb8,HLSL30.020/HLS.L30.T54SVD.2015019T011002.v2.0/HLS.L30.T54SVD.2015019T011002.v2.0.B02.tif,100,2015-01-19 07:10:02,2015-01-19 07:10:02,2015-01-19 07:10:02,MD5,2c044996bfd029c30c22f62b51e19556,false,abcdef,defabc
da534ede-556f-11ed-bd9b-be1648daefb8,HLSL30.020/HLS.L30.T54SVD.2015019T011002.v2.0/HLS.L30.T54SVD.2015019T011002.v2.0.B07.tif,100,2015-01-19 07:10:02,2015-01-19 07:10:02,2015-01-19 07:10:02,MD5,2c044996bfd029c30c22f62b51e19556,false,abcdef,defabc
da535046-556f-11ed-bd9b-be1648daefb8,HLSL30.020/HLS.L30.T54SVD.2015019T011002.v2.0/HLS.L30.T54SVD.2015019T011002.v2.0.B01.tif,100,2015-01-19 07:10:02,2015-01-19 07:10:02,2015-01-19 07:10:02,MD5,2c044996bfd029c30c22f62b51e19556,false,abcdef,defabc
da5351a4-556f-11ed-bd9b-be1648daefb8,HLSL30.020/HLS.L30.T54SVD.2015019T011002.v2.0/HLS.L30.T54SVD.2015019T011002.v2.0.SZA.tif,100,2015-01-19 07:10:02,2015-01-19 07:10:02,2015-01-19 07:10:02,MD5,2c044996bfd029c30c22f62b51e19556,false,abcdef,defabc
da535302-556f-11ed-bd9b-be1648daefb8,HLSL30.020/HLS.L30.T54SVD.2015019T011002.v2.0/HLS.L30.T54SVD.2015019T011002.v2.0.Fmask.tif,100,2015-01-19 07:10:02,2015-01-19 07:10:02,2015-01-19 07:10:02,MD5,2c044996bfd029c30c22f62b51e19556,false,abcdef,defabc
da53546a-556f-11ed-bd9b-be1648daefb8,HLSL30.020/HLS.L30.T54SVD.2015019T011002.v2.0/HLS.L30.T54SVD.2015019T011002.v2.0.B04.tif,100,2015-01-19 07:10:02,2015-01-19 07:10:02,2015-01-19 07:10:02,MD5,2c044996bfd029c30c22f62b51e19556,false,abcdef,defabc
da5355c8-556f-11ed-bd9b-be1648daefb8,HLSL30.020/HLS.L30.T54SVD.2015019T011002.v2.0/HLS.L30.T54SVD.2015019T011002.v2.0.B09.tif,100,2015-01-19 07:10:02,2015-01-19 07:10:02,2015-01-19 07:10:02,MD5,2c044996bfd029c30c22f62b51e19556,false,abcdef,defabc
da535730-556f-11ed-bd9b-be1648daefb8,HLSL30.020/HLS.L30.T54SVD.2015019T011002.v2.0/HLS.L30.T54SVD.2015019T011002.v2.0.VZA.tif,100,2015-01-19 07:10:02,2015-01-19 07:10:02,2015-01-19 07:10:02,MD5,2c044996bfd029c30c22f62b51e19556,false,abcdef,defabc
da53588e-556f-11ed-bd9b-be1648daefb8,HLSL30.020/HLS.L30.T54SVD.2015019T011002.v2.0/HLS.L30.T54SVD.2015019T011002.v2.0.VAA.tif,100,2015-01-19 07:10:02,2015-01-19 07:10:02,2015-01-19 07:10:02,MD5,2c044996bfd029c30c22f62b51e19556,false,abcdef,defabc
da5359f6-556f-11ed-bd9b-be1648daefb8,HLSL30.020/HLS.L30.T54SVD.2015019T011002.v2.0/HLS.L30.T54SVD.2015019T011002.v2.0.cmr.xml,100,2015-01-19 07:10:02,2015-01-19 07:10:02,2015-01-19 07:10:02,MD5,2c044996bfd029c30c22f62b51e19556,false,abcdef,defabc
da535b86-556f-11ed-bd9b-be1648daefb8,HLSL30.020/HLS.L30.T54RVU.2015019T011114.v2.0/HLS.L30.T54RVU.2015019T011114.v2.0.B01.tif,100,2015-01-19 07:11:14,2015-01-19 07:11:14,2015-01-19 07:11:14,MD5,2c044996bfd029c30c22f62b51e19556,false,abcdef,defabc
da535ce4-556f-11ed-bd9b-be1648daefb8,HLSL30.020/HLS.L30.T54RVU.2015019T011114.v2.0/HLS.L30.T54RVU.2015019T011114.v2.0.B10.tif,100,2015-01-19 07:11:14,2015-01-19 07:11:14,2015-01-19 07:11:14,MD5,2c044996bfd029c30c22f62b51e19556,false,abcdef,defabc
da535e42-556f-11ed-bd9b-be1648daefb8,HLSL30.020/HLS.L30.T54RVU.2015019T011114.v2.0/HLS.L30.T54RVU.2015019T011114.v2.0.B03.tif,100,2015-01-19 07:11:14,2015-01-19 07:11:14,2015-01-19 07:11:14,MD5,2c044996bfd029c30c22f62b51e19556,false,abcdef,defabc
da535faa-556f-11ed-bd9b-be1648daefb8,HLSL30.020/HLS.L30.T54RVU.2015019T011114.v2.0/HLS.L30.T54RVU.2015019T011114.v2.0.SZA.tif,100,2015-01-19 07:11:14,2015-01-19 07:11:14,2015-01-19 07:11:14,MD5,2c044996bfd029c30c22f62b51e19556,false,abcdef,defabc
da536108-556f-11ed-bd9b-be1648daefb8,HLSL30.020/HLS.L30.T54RVU.2015019T011114.v2.0/HLS.L30.T54RVU.2015019T011114.v2.0.VAA.tif,100,2015-01-19 07:11:14,2015-01-19 07:11:14,2015-01-19 07:11:14,MD5,2c044996bfd029c30c22f62b51e19556,false,abcdef,defabc
da536270-556f-11ed-bd9b-be1648daefb8,HLSL30.020/HLS.L30.T54RVU.2015019T011114.v2.0/HLS.L30.T54RVU.2015019T011114.v2.0.VZA.tif,100,2015-01-19 07:11:14,2015-01-19 07:11:14,2015-01-19 07:11:14,MD5,2c044996bfd029c30c22f62b51e19556,false,abcdef,defabc
da5363ce-556f-11ed-bd9b-be1648daefb8,HLSL30.020/HLS.L30.T54RVU.2015019T011114.v2.0/HLS.L30.T54RVU.2015019T011114.v2.0.B09.tif,100,2015-01-19 07:11:14,2015-01-19 07:11:14,2015-01-19 07:11:14,MD5,2c044996bfd029c30c22f62b51e19556,false,abcdef,defabc
da53652c-556f-11ed-bd9b-be1648daefb8,HLSL30.020/HLS.L30.T54RVU.2015019T011114.v2.0/HLS.L30.T54RVU.2015019T011114.v2.0.B02.tif,100,2015-01-19 07:11:14,2015-01-19 07:11:14,2015-01-19 07:11:14,MD5,2c044996bfd029c30c22f62b51e19556,false,abcdef,defabc
da53668a-556f-11ed-bd9b-be1648daefb8,HLSL30.020/HLS.L30.T54RVU.2015019T011114.v2.0/HLS.L30.T54RVU.2015019T011114.v2.0.SAA.tif,100,2015-01-19 07:11:14,2015-01-19 07:11:14,2015-01-19 07:11:14,MD5,2c044996bfd029c30c22f62b51e19556,false,abcdef,defabc
da5367e8-556f-11ed-bd9b-be1648daefb8,HLSL30.020/HLS.L30.T54RVU.2015019T011114.v2.0/HLS.L30.T54RVU.2015019T011114.v2.0.B04.tif,100,2015-01-19 07:11:14,2015-01-19 07:11:14,2015-01-19 07:11:14,MD5,2c044996bfd029c30c22f62b51e19556,false,abcdef,defabc
da536950-556f-11ed-bd9b-be1648daefb8,HLSL30.020/HLS.L30.T54RVU.2015019T011114.v2.0/HLS.L30.T54RVU.2015019T011114.v2.0.B06.tif,100,2015-01-19 07:11:14,2015-01-19 07:11:14,2015-01-19 07:11:14,MD5,2c044996bfd029c30c22f62b51e19556,false,abcdef,defabc
da536aae-556f-11ed-bd9b-be1648daefb8,HLSL30.020/HLS.L30.T54RVU.2015019T011114.v2.0/HLS.L30.T54RVU.2015019T011114.v2.0.B07.tif,100,2015-01-19 07:11:14,2015-01-19 07:11:14,2015-01-19 07:11:14,MD5,2c044996bfd029c30c22f62b51e19556,false,abcdef,defabc
da536c0c-556f-11ed-bd9b-be1648daefb8,HLSL30.020/HLS.L30.T54RVU.2015019T011114.v2.0/HLS.L30.T54RVU.2015019T011114.v2.0.B11.tif,100,2015-01-19 07:11:14,2015-01-19 07:11:14,2015-01-19 07:11:14,MD5,2c044996bfd029c30c22f62b51e19556,false,abcdef,defabc
da536d74-556f-11ed-bd9b-be1648daefb8,HLSL30.020/HLS.L30.T54RVU.2015019T011114.v2.0/HLS.L30.T54RVU.2015019T011114.v2.0.Fmask.tif,100,2015-01-19 07:11:14,2015-01-19 07:11:14,2015-01-19 07:11:14,MD5,2c044996bfd029c30c22f62b51e19556,false,abcdef,defabc
da536ed2-556f-11ed-bd9b-be1648daefb8,HLSL30.020/HLS.L30.T54RVU.2015019T011114.v2.0/HLS.L30.T54RVU.2015019T011114.v2.0.B05.tif,100,2015-01-19 07:11:14,2015-01-19 07:11:14,2015-01-19 07:11:14,MD5,2c044996bfd029c30c22f62b51e19556,false,abcdef,defabc
da53703a-556f-11ed-bd9b-be1648daefb8,HLSL30.020/HLS.L30.T54RVU.2015019T011114.v2.0/HLS.L30.T54RVU.2015019T011114.v2.0.cmr.xml,100,2015-01-19 07:11:14,2015-01-19 07:11:14,2015-01-19 07:11:14,MD5,2c044996bfd029c30c22f62b51e19556,false,abcdef,defabc
da5371c0-556f-11ed-bd9b-be1648daefb8,HLSL30.020/HLS.L30.T53MLU.2015019T012000.v2.0/HLS.L30.T53MLU.2015019T012000.v2.0.B01.tif,100,2015-01-19 07:20:00,2015-01-19 07:20:00,2015-01-19 07:20:00,MD5,2c044996bfd029c30c22f62b51e19556,false,abcdef,defabc
da537328-556f-11ed-bd9b-be1648daefb8,HLSL30.020/HLS.L30.T53MLU.2015019T012000.v2.0/HLS.L30.T53MLU.2015019T012000.v2.0.B04.tif,100,2015-01-19 07:20:00,2015-01-19 07:20:00,2015-01-19 07:20:00,MD5,2c044996bfd029c30c22f62b51e19556,false,abcdef,defabc
da537490-556f-11ed-bd9b-be1648daefb8,HLSL30.020/HLS.L30.T53MLU.2015019T012000.v2.0/HLS.L30.T53MLU.2015019T012000.v2.0.VZA.tif,100,2015-01-19 07:20:00,2015-01-19 07:20:00,2015-01-19 07:20:00,MD5,2c044996bfd029c30c22f62b51e19556,false,abcdef,defabc
da5375ee-556f-11ed-bd9b-be1648daefb8,HLSL30.020/HLS.L30.T53MLU.2015019T012000.v2.0/HLS.L30.T53MLU.2015019T012000.v2.0.B09.tif,100,2015-01-19 07:20:00,2015-01-19 07:20:00,2015-01-19 07:20:00,MD5,2c044996bfd029c30c22f62b51e19556,false,abcdef,defabc
da537756-556f-11ed-bd9b-be1648daefb8,HLSL30.020/HLS.L30.T53MLU.2015019T012000.v2.0/HLS.L30.T53MLU.2015019T012000.v2.0.Fmask.tif,100,2015-01-19 07:20:00,2015-01-19 07:20:00,2015-01-19 07:20:00,MD5,2c044996bfd029c30c22f62b51e19556,false,abcdef,defabc
da5378b4-556f-11ed-bd9b-be1648daefb8,HLSL30.020/HLS.L30.T53MLU.2015019T012000.v2.0/HLS.L30.T53MLU.2015019T012000.v2.0.B05.tif,100,2015-01-19 07:20:00,2015-01-19 07:20:00,2015-01-19 07:20:00,MD5,2c044996bfd029c30c22f62b51e19556,false,abcdef,defabc
da537a12-556f-11ed-bd9b-be1648daefb8,HLSL30.020/HLS.L30.T53MLU.2015019T012000.v2.0/HLS.L30.T53MLU.2015019T012000.v2.0.SZA.tif,100,2015-01-19 07:20:00,2015-01-19 07:20:00,2015-01-19 07:20:00,MD5,2c044996bfd029c30c22f62b51e19556,false,abcdef,defabc
da537c6a-556f-11ed-bd9b-be1648daefb8,HLSL30.020/HLS.L30.T53MLU.2015019T012000.v2.0/HLS.L30.T53MLU.2015019T012000.v2.0.B10.tif,100,2015-01-19 07:20:00,2015-01-19 07:20:00,2015-01-19 07:20:00,MD5,2c044996bfd029c30c22f62b51e19556,false,abcdef,defabc
da537ddc-556f-11ed-bd9b-be1648daefb8,HLSL30.020/HLS.L30.T53MLU.2015019T012000.v2.0/HLS.L30.T53MLU.2015019T012000.v2.0.B07.tif,100,2015-01-19 07:20:00,2015-01-19 07:20:00,2015-01-19 07:20:00,MD5,2c044996bfd029c30c22f62b51e19556,false,abcdef,defabc
da537f44-556f-11ed-bd9b-be1648daefb8,HLSL30.020/HLS.L30.T53MLU.2015019T012000.v2.0/HLS.L30.T53MLU.2015019T012000.v2.0.B11.tif,100,2015-01-19 07:20:00,2015-01-19 07:20:00,2015-01-19 07:20:00,MD5,2c044996bfd029c30c22f62b51e19556,false,abcdef,defabc
da5380a2-556f-11ed-bd9b-be1648daefb8,HLSL30.020/HLS.L30.T53MLU.2015019T012000.v2.0/HLS.L30.T53MLU.2015019T012000.v2.0.VAA.tif,100,2015-01-19 07:20:00,2015-01-19 07:20:00,2015-01-19 07:20:00,MD5,2c044996bfd029c30c22f62b51e19556,false,abcdef,defabc
da53820a-556f-11ed-bd9b-be1648daefb8,HLSL30.020/HLS.L30.T53MLU.2015019T012000.v2.0/HLS.L30.T53MLU.2015019T012000.v2.0.SAA.tif,100,2015-01-19 07:20:00,2015-01-19 07:20:00,2015-01-19 07:20:00,MD5,2c044996bfd029c30c22f62b51e19556,false,abcdef,defabc
da538368-556f-11ed-bd9b-be1648daefb8,HLSL30.020/HLS.L30.T53MLU.2015019T012000.v2.0/HLS.L30.T53MLU.2015019T012000.v2.0.B02.tif,100,2015-01-19 07:20:00,2015-01-19 07:20:00,2015-01-19 07:20:00,MD5,2c044996bfd029c30c22f62b51e19556,false,abcdef,defabc
da5384d0-556f-11ed-bd9b-be1648daefb8,HLSL30.020/HLS.L30.T53MLU.2015019T012000.v2.0/HLS.L30.T53MLU.2015019T012000.v2.0.B03.tif,100,2015-01-19 07:20:00,2015-01-19 07:20:00,2015-01-19 07:20:00,MD5,2c044996bfd029c30c22f62b51e19556,false,abcdef,defabc
da53862e-556f-11ed-bd9b-be1648daefb8,HLSL30.020/HLS.L30.T53MLU.2015019T012000.v2.0/HLS.L30.T53MLU.2015019T012000.v2.0.B06.tif,100,2015-01-19 07:20:00,2015-01-19 07:20:00,2015-01-19 07:20:00,MD5,2c044996bfd029c30c22f62b51e19556,false,abcdef,defabc
da538796-556f-11ed-bd9b-be1648daefb8,HLSL30.020/HLS.L30.T53MLU.2015019T012000.v2.0/HLS.L30.T53MLU.2015019T012000.v2.0.cmr.xml,100,2015-01-19 07:20:00,2015-01-19 07:20:00,2015-01-19 07:20:00,MD5,2c044996bfd029c30c22f62b51e19556,false,abcdef,defabc
da53891c-556f-11ed-bd9b-be1648daefb8,HLSL30.020/HLS.L30.T52MHD.2015019T012000.v2.0/HLS.L30.T52MHD.2015019T012000.v2.0.B11.tif,100,2015-01-19 07:20:00,2015-01-19 07:20:00,2015-01-19 07:20:00,MD5,2c044996bfd029c30c22f62b51e19556,false,abcdef,defabc
da538a84-556f-11ed-bd9b-be1648daefb8,HLSL30.020/HLS.L30.T52MHD.2015019T012000.v2.0/HLS.L30.T52MHD.2015019T012000.v2.0.B07.tif,100,2015-01-19 07:20:00,2015-01-19 07:20:00,2015-01-19 07:20:00,MD5,2c044996bfd029c30c22f62b51e19556,false,abcdef,defabc
da538be2-556f-11ed-bd9b-be1648daefb8,HLSL30.020/HLS.L30.T52MHD.2015019T012000.v2.0/HLS.L30.T52MHD.2015019T012000.v2.0.B10.tif,100,2015-01-19 07:20:00,2015-01-19 07:20:00,2015-01-19 07:20:00,MD5,2c044996bfd029c30c22f62b51e19556,false,abcdef,defabc
da538d4a-556f-11ed-bd9b-be1648daefb8,HLSL30.020/HLS.L30.T52MHD.2015019T012000.v2.0/HLS.L30.T52MHD.2015019T012000.v2.0.SZA.tif,100,2015-01-19 07:20:00,2015-01-19 07:20:00,2015-01-19 07:20:00,MD5,2c044996bfd029c30c22f62b51e19556,false,abcdef,defabc
da538ea8-556f-11ed-bd9b-be1648daefb8,HLSL30.020/HLS.L30.T52MHD.2015019T012000.v2.0/HLS.L30.T52MHD.2015019T012000.v2.0.SAA.tif,100,2015-01-19 07:20:00,2015-01-19 07:20:00,2015-01-19 07:20:00,MD5,2c044996bfd029c30c22f62b51e19556,false,abcdef,defabc
da539006-556f-11ed-bd9b-be1648daefb8,HLSL30.020/HLS.L30.T52MHD.2015019T012000.v2.0/HLS.L30.T52MHD.2015019T012000.v2.0.B02.tif,100,2015-01-19 07:20:00,2015-01-19 07:20:00,2015-01-19 07:20:00,MD5,2c044996bfd029c30c22f62b51e19556,false,abcdef,defabc
da53916e-556f-11ed-bd9b-be1648daefb8,HLSL30.020/HLS.L30.T52MHD.2015019T012000.v2.0/HLS.L30.T52MHD.2015019T012000.v2.0.B03.tif,100,2015-01-19 07:20:00,2015-01-19 07:20:00,2015-01-19 07:20:00,MD5,2c044996bfd029c30c22f62b51e19556,false,abcdef,defabc
da5392cc-556f-11ed-bd9b-be1648daefb8,HLSL30.020/HLS.L30.T52MHD.2015019T012000.v2.0/HLS.L30.T52MHD.2015019T012000.v2.0.B01.tif,100,2015-01-19 07:20:00,2015-01-19 07:20:00,2015-01-19 07:20:00,MD5,2c044996bfd029c30c22f62b51e19556,false,abcdef,defabc
da539434-556f-11ed-bd9b-be1648daefb8,HLSL30.020/HLS.L30.T52MHD.2015019T012000.v2.0/HLS.L30.T52MHD.2015019T012000.v2.0.VZA.tif,100,2015-01-19 07:20:00,2015-01-19 07:20:00,2015-01-19 07:20:00,MD5,2c044996bfd029c30c22f62b51e19556,false,abcdef,defabc
da539592-556f-11ed-bd9b-be1648daefb8,HLSL30.020/HLS.L30.T52MHD.2015019T012000.v2.0/HLS.L30.T52MHD.2015019T012000.v2.0.Fmask.tif,100,2015-01-19 07:20:00,2015-01-19 07:20:00,2015-01-19 07:20:00,MD5,2c044996bfd029c30c22f62b51e19556,false,abcdef,defabc
da5396fa-556f-11ed-bd9b-be1648daefb8,HLSL30.020/HLS.L30.T52MHD.2015019T012000.v2.0/HLS.L30.T52MHD.2015019T012000.v2.0.B04.tif,100,2015-01-19 07:20:00,2015-01-19 07:20:00,2015-01-19 07:20:00,MD5,2c044996bfd029c30c22f62b51e19556,false,abcdef,defabc
da539858-556f-11ed-bd9b-be1648daefb8,HLSL30.020/HLS.L30.T52MHD.2015019T012000.v2.0/HLS.L30.T52MHD.2015019T012000.v2.0.B05.tif,100,2015-01-19 07:20:00,2015-01-19 07:20:00,2015-01-19 07:20:00,MD5,2c044996bfd029c30c22f62b51e19556,false,abcdef,defabc
da5399b6-556f-11ed-bd9b-be1648daefb8,HLSL30.020/HLS.L30.T52MHD.2015019T012000.v2.0/HLS.L30.T52MHD.2015019T012000.v2.0.VAA.tif,100,2015-01-19 07:20:00,2015-01-19 07:20:00,2015-01-19 07:20:00,MD5,2c044996bfd029c30c22f62b51e19556,false,abcdef,defabc
da539b1e-556f-11ed-bd9b-be1648daefb8,HLSL30.020/HLS.L30.T52MHD.2015019T012000.v2.0/HLS.L30.T52MHD.2015019T012000.v2.0.B09.tif,100,2015-01-19 07:20:00,2015-01-19 07:20:00,2015-01-19 07:20:00,MD5,2c044996bfd029c30c22f62b51e19556,false,abcdef,defabc
da539c7c-556f-11ed-bd9b-be1648daefb8,HLSL30.020/HLS.L30.T52MHD.2015019T012000.v2.0/HLS.L30.T52MHD.2015019T012000.v2.0.B06.tif,100,2015-01-19 07:20:00,2015-01-19 07:20:00,2015-01-19 07:20:00,MD5,2c044996bfd029c30c22f62b51e19556,false,abcdef,defabc
da539de4-556f-11ed-bd9b-be1648daefb8,HLSL30.020/HLS.L30.T52MHD.2015019T012000.v2.0/HLS.L30.T52MHD.2015019T012000.v2.0.cmr.xml,100,2015-01-19 07:20:00,2015-01-19 07:20:00,2015-01-19 07:20:00,MD5,2c044996bfd029c30c22f62b51e19556,false,abcdef,defabc
da539f6a-556f-11ed-bd9b-be1648daefb8,HLSL30.020/HLS.L30.T53MKU.2015019T012000.v2.0/HLS.L30.T53MKU.2015019T012000.v2.0.B11.tif,100,2015-01-19 07:20:00,2015-01-19 07:20:00,2015-01-19 07:20:00,MD5,2c044996bfd029c30c22f62b51e19556,false,abcdef,defabc
da53a0d2-556f-11ed-bd9b-be1648daefb8,HLSL30.020/HLS.L30.T53MKU.2015019T012000.v2.0/HLS.L30.T53MKU.2015019T012000.v2.0.B09.tif,100,2015-01-19 07:20:00,2015-01-19 07:20:00,2015-01-19 07:20:00,MD5,2c044996bfd029c30c22f62b51e19556,false,abcdef,defabc
da53a230-556f-11ed-bd9b-be1648daefb8,HLSL30.020/HLS.L30.T53MKU.2015019T012000.v2.0/HLS.L30.T53MKU.2015019T012000.v2.0.SZA.tif,100,2015-01-19 07:20:00,2015-01-19 07:20:00,2015-01-19 07:20:00,MD5,2c044996bfd029c30c22f62b51e19556,false,abcdef,defabc
da53a398-556f-11ed-bd9b-be1648daefb8,HLSL30.020/HLS.L30.T53MKU.2015019T012000.v2.0/HLS.L30.T53MKU.2015019T012000.v2.0.B07.tif,100,2015-01-19 07:20:00,2015-01-19 07:20:00,2015-01-19 07:20:00,MD5,2c044996bfd029c30c22f62b51e19556,false,abcdef,defabc
da53a4f6-556f-11ed-bd9b-be1648daefb8,HLSL30.020/HLS.L30.T53MKU.2015019T012000.v2.0/HLS.L30.T53MKU.2015019T012000.v2.0.B04.tif,100,2015-01-19 07:20:00,2015-01-19 07:20:00,2015-01-19 07:20:00,MD5,2c044996bfd029c30c22f62b51e19556,false,abcdef,defabc
da53a65e-556f-11ed-bd9b-be1648daefb8,HLSL30.020/HLS.L30.T53MKU.2015019T012000.v2.0/HLS.L30.T53MKU.2015019T012000.v2.0.B03.tif,100,2015-01-19 07:20:00,2015-01-19 07:20:00,2015-01-19 07:20:00,MD5,2c044996bfd029c30c22f62b51e19556,false,abcdef,defabc
da53a7c6-556f-11ed-bd9b-be1648daefb8,HLSL30.020/HLS.L30.T53MKU.2015019T012000.v2.0/HLS.L30.T53MKU.2015019T012000.v2.0.VZA.tif,100,2015-01-19 07:20:00,2015-01-19 07:20:00,2015-01-19 07:20:00,MD5,2c044996bfd029c30c22f62b51e19556,false,abcdef,defabc
da53a924-556f-11ed-bd9b-be1648daefb8,HLSL30.020/HLS.L30.T53MKU.2015019T012000.v2.0/HLS.L30.T53MKU.2015019T012000.v2.0.SAA.tif,100,2015-01-19 07:20:00,2015-01-19 07:20:00,2015-01-19 07:20:00,MD5,2c044996bfd029c30c22f62b51e19556,false,abcdef,defabc
da53ab18-556f-11ed-bd9b-be1648daefb8,HLSL30.020/HLS.L30.T53MKU.2015019T012000.v2.0/HLS.L30.T53MKU.2015019T012000.v2.0.B01.tif,100,2015-01-19 07:20:00,2015-01-19 07:20:00,2015-01-19 07:20:00,MD5,2c044996bfd029c30c22f62b51e19556,false,abcdef,defabc
da53ac94-556f-11ed-bd9b-be1648daefb8,HLSL30.020/HLS.L30.T53MKU.2015019T012000.v2.0/HLS.L30.T53MKU.2015019T012000.v2.0.VAA.tif,100,2015-01-19 07:20:00,2015-01-19 07:20:00,2015-01-19 07:20:00,MD5,2c044996bfd029c30c22f62b51e19556,false,abcdef,defabc
da53adfc-556f-11ed-bd9b-be1648daefb8,HLSL30.020/HLS.L30.T53MKU.2015019T012000.v2.0/HLS.L30.T53MKU.2015019T012000.v2.0.B05.tif,100,2015-01-19 07:20:00,2015-01-19 07:20:00,2015-01-19 07:20:00,MD5,2c044996bfd029c30c22f62b51e19556,false,abcdef,defabc
da53af5a-556f-11ed-bd9b-be1648daefb8,HLSL30.020/HLS.L30.T53MKU.2015019T012000.v2.0/HLS.L30.T53MKU.2015019T012000.v2.0.B06.tif,100,2015-01-19 07:20:00,2015-01-19 07:20:00,2015-01-19 07:20:00,MD5,2c044996bfd029c30c22f62b51e19556,false,abcdef,defabc
da53b0c2-556f-11ed-bd9b-be1648daefb8,HLSL30.020/HLS.L30.T53MKU.2015019T012000.v2.0/HLS.L30.T53MKU.2015019T012000.v2.0.Fmask.tif,100,2015-01-19 07:20:00,2015-01-19 07:20:00,2015-01-19 07:20:00,MD5,2c044996bfd029c30c22f62b51e19556,false,abcdef,defabc
da53b220-556f-11ed-bd9b-be1648daefb8,HLSL30.020/HLS.L30.T53MKU.2015019T012000.v2.0/HLS.L30.T53MKU.2015019T012000.v2.0.B10.tif,100,2015-01-19 07:20:00,2015-01-19 07:20:00,2015-01-19 07:20:00,MD5,2c044996bfd029c30c22f62b51e19556,false,abcdef,defabc
da53b388-556f-11ed-bd9b-be1648daefb8,HLSL30.020/HLS.L30.T53MKU.2015019T012000.v2.0/HLS.L30.T53MKU.2015019T012000.v2.0.B02.tif,100,2015-01-19 07:20:00,2015-01-19 07:20:00,2015-01-19 07:20:00,MD5,2c044996bfd029c30c22f62b51e19556,false,abcdef,defabc
da53b4f0-556f-11ed-bd9b-be1648daefb8,HLSL30.020/HLS.L30.T53MKU.2015019T012000.v2.0/HLS.L30.T53MKU.2015019T012000.v2.0.cmr.xml,100,2015-01-19 07:20:00,2015-01-19 07:20:00,2015-01-19 07:20:00,MD5,2c044996bfd029c30c22f62b51e19556,false,abcdef,defabc
da53b676-556f-11ed-bd9b-be1648daefb8,HLSL30.020/HLS.L30.T53MLT.2015019T012000.v2.0/HLS.L30.T53MLT.2015019T012000.v2.0.Fmask.tif,100,2015-01-19 07:20:00,2015-01-19 07:20:00,2015-01-19 07:20:24,MD5,2c044996bfd029c30c22f62b51e19556,false,abcdef,defabc
da53b7de-556f-11ed-bd9b-be1648daefb8,HLSL30.020/HLS.L30.T53MLT.2015019T012000.v2.0/HLS.L30.T53MLT.2015019T012000.v2.0.B10.tif,100,2015-01-19 07:20:00,2015-01-19 07:20:00,2015-01-19 07:20:24,MD5,2c044996bfd029c30c22f62b51e19556,false,abcdef,defabc
da53b93c-556f-11ed-bd9b-be1648daefb8,HLSL30.020/HLS.L30.T53MLT.2015019T012000.v2.0/HLS.L30.T53MLT.2015019T012000.v2.0.B03.tif,100,2015-01-19 07:20:00,2015-01-19 07:20:00,2015-01-19 07:20:24,MD5,2c044996bfd029c30c22f62b51e19556,false,abcdef,defabc
da53bac2-556f-11ed-bd9b-be1648daefb8,HLSL30.020/HLS.L30.T53MLT.2015019T012000.v2.0/HLS.L30.T53MLT.2015019T012000.v2.0.B05.tif,100,2015-01-19 07:20:00,2015-01-19 07:20:00,2015-01-19 07:20:24,MD5,2c044996bfd029c30c22f62b51e19556,false,abcdef,defabc
da53bc20-556f-11ed-bd9b-be1648daefb8,HLSL30.020/HLS.L30.T53MLT.2015019T012000.v2.0/HLS.L30.T53MLT.2015019T012000.v2.0.SAA.tif,100,2015-01-19 07:20:00,2015-01-19 07:20:00,2015-01-19 07:20:24,MD5,2c044996bfd029c30c22f62b51e19556,false,abcdef,defabc
da53bd7e-556f-11ed-bd9b-be1648daefb8,HLSL30.020/HLS.L30.T53MLT.2015019T012000.v2.0/HLS.L30.T53MLT.2015019T012000.v2.0.B06.tif,100,2015-01-19 07:20:00,2015-01-19 07:20:00,2015-01-19 07:20:24,MD5,2c044996bfd029c30c22f62b51e19556,false,abcdef,defabc
da53bedc-556f-11ed-bd9b-be1648daefb8,HLSL30.020/HLS.L30.T53MLT.2015019T012000.v2.0/HLS.L30.T53MLT.2015019T012000.v2.0.B02.tif,100,2015-01-19 07:20:00,2015-01-19 07:20:00,2015-01-19 07:20:24,MD5,2c044996bfd029c30c22f62b51e19556,false,abcdef,defabc
da53c03a-556f-11ed-bd9b-be1648daefb8,HLSL30.020/HLS.L30.T53MLT.2015019T012000.v2.0/HLS.L30.T53MLT.2015019T012000.v2.0.B04.tif,100,2015-01-19 07:20:00,2015-01-19 07:20:00,2015-01-19 07:20:24,MD5,2c044996bfd029c30c22f62b51e19556,false,abcdef,defabc
da53c1a2-556f-11ed-bd9b-be1648daefb8,HLSL30.020/HLS.L30.T53MLT.2015019T012000.v2.0/HLS.L30.T53MLT.2015019T012000.v2.0.B07.tif,100,2015-01-19 07:20:00,2015-01-19 07:20:00,2015-01-19 07:20:24,MD5,2c044996bfd029c30c22f62b51e19556,false,abcdef,defabc
da53c300-556f-11ed-bd9b-be1648daefb8,HLSL30.020/HLS.L30.T53MLT.2015019T012000.v2.0/HLS.L30.T53MLT.2015019T012000.v2.0.VAA.tif,100,2015-01-19 07:20:00,2015-01-19 07:20:00,2015-01-19 07:20:24,MD5,2c044996bfd029c30c22f62b51e19556,false,abcdef,defabc
da53c45e-556f-11ed-bd9b-be1648daefb8,HLSL30.020/HLS.L30.T53MLT.2015019T012000.v2.0/HLS.L30.T53MLT.2015019T012000.v2.0.B09.tif,100,2015-01-19 07:20:00,2015-01-19 07:20:00,2015-01-19 07:20:24,MD5,2c044996bfd029c30c22f62b51e19556,false,abcdef,defabc
da53c5c6-556f-11ed-bd9b-be1648daefb8,HLSL30.020/HLS.L30.T53MLT.2015019T012000.v2.0/HLS.L30.T53MLT.2015019T012000.v2.0.VZA.tif,100,2015-01-19 07:20:00,2015-01-19 07:20:00,2015-01-19 07:20:24,MD5,2c044996bfd029c30c22f62b51e19556,false,abcdef,defabc
da53c724-556f-11ed-bd9b-be1648daefb8,HLSL30.020/HLS.L30.T53MLT.2015019T012000.v2.0/HLS.L30.T53MLT.2015019T012000.v2.0.B01.tif,100,2015-01-19 07:20:00,2015-01-19 07:20:00,2015-01-19 07:20:24,MD5,2c044996bfd029c30c22f62b51e19556,false,abcdef,defabc
da53c882-556f-11ed-bd9b-be1648daefb8,HLSL30.020/HLS.L30.T53MLT.2015019T012000.v2.0/HLS.L30.T53MLT.2015019T012000.v2.0.SZA.tif,100,2015-01-19 07:20:00,2015-01-19 07:20:00,2015-01-19 07:20:24,MD5,2c044996bfd029c30c22f62b51e19556,false,abcdef,defabc
da53c9e0-556f-11ed-bd9b-be1648daefb8,HLSL30.020/HLS.L30.T53MLT.2015019T012000.v2.0/HLS.L30.T53MLT.2015019T012000.v2.0.B11.tif,100,2015-01-19 07:20:00,2015-01-19 07:20:00,2015-01-19 07:20:24,MD5,2c044996bfd029c30c22f62b51e19556,false,abcdef,defabc
da53cb48-556f-11ed-bd9b-be1648daefb8,HLSL30.020/HLS.L30.T53MLT.2015019T012000.v2.0/HLS.L30.T53MLT.2015019T012000.v2.0.cmr.xml,100,2015-01-19 07:20:00,2015-01-19 07:20:00,2015-01-19 07:20:24,MD5,2c044996bfd029c30c22f62b51e19556,false,abcdef,defabc
da53ccd8-556f-11ed-bd9b-be1648daefb8,HLSL30.020/HLS.L30.T52MHC.2015019T012000.v2.0/HLS.L30.T52MHC.2015019T012000.v2.0.B05.tif,100,2015-01-19 07:20:00,2015-01-19 07:20:00,2015-01-19 07:20:24,MD5,2c044996bfd029c30c22f62b51e19556,false,abcdef,defabc
da53ce36-556f-11ed-bd9b-be1648daefb8,HLSL30.020/HLS.L30.T52MHC.2015019T012000.v2.0/HLS.L30.T52MHC.2015019T012000.v2.0.Fmask.tif,100,2015-01-19 07:20:00,2015-01-19 07:20:00,2015-01-19 07:20:24,MD5,2c044996bfd029c30c22f62b51e19556,false,abcdef,defabc
da53cf9e-556f-11ed-bd9b-be1648daefb8,HLSL30.020/HLS.L30.T52MHC.2015019T012000.v2.0/HLS.L30.T52MHC.2015019T012000.v2.0.VAA.tif,100,2015-01-19 07:20:00,2015-01-19 07:20:00,2015-01-19 07:20:24,MD5,2c044996bfd029c30c22f62b51e19556,false,abcdef,defabc
da53d0fc-556f-11ed-bd9b-be1648daefb8,HLSL30.020/HLS.L30.T52MHC.2015019T012000.v2.0/HLS.L30.T52MHC.2015019T012000.v2.0.B06.tif,100,2015-01-19 07:20:00,2015-01-19 07:20:00,2015-01-19 07:20:24,MD5,2c044996bfd029c30c22f62b51e19556,false,abcdef,defabc
da53d264-556f-11ed-bd9b-be1648daefb8,HLSL30.020/HLS.L30.T52MHC.2015019T012000.v2.0/HLS.L30.T52MHC.2015019T012000.v2.0.B04.tif,100,2015-01-19 07:20:00,2015-01-19 07:20:00,2015-01-19 07:20:24,MD5,2c044996bfd029c30c22f62b51e19556,false,abcdef,defabc
da53d3c2-556f-11ed-bd9b-be1648daefb8,HLSL30.020/HLS.L30.T52MHC.2015019T012000.v2.0/HLS.L30.T52MHC.2015019T012000.v2.0.VZA.tif,100,2015-01-19 07:20:00,2015-01-19 07:20:00,2015-01-19 07:20:24,MD5,2c044996bfd029c30c22f62b51e19556,false,abcdef,defabc
da53d520-556f-11ed-bd9b-be1648daefb8,HLSL30.020/HLS.L30.T52MHC.2015019T012000.v2.0/HLS.L30.T52MHC.2015019T012000.v2.0.B07.tif,100,2015-01-19 07:20:00,2015-01-19 07:20:00,2015-01-19 07:20:24,MD5,2c044996bfd029c30c22f62b51e19556,false,abcdef,defabc
da53d688-556f-11ed-bd9b-be1648daefb8,HLSL30.020/HLS.L30.T52MHC.2015019T012000.v2.0/HLS.L30.T52MHC.2015019T012000.v2.0.SAA.tif,100,2015-01-19 07:20:00,2015-01-19 07:20:00,2015-01-19 07:20:24,MD5,2c044996bfd029c30c22f62b51e19556,false,abcdef,defabc
da53d7e6-556f-11ed-bd9b-be1648daefb8,HLSL30.020/HLS.L30.T52MHC.2015019T012000.v2.0/HLS.L30.T52MHC.2015019T012000.v2.0.B03.tif,100,2015-01-19 07:20:00,2015-01-19 07:20:00,2015-01-19 07:20:24,MD5,2c044996bfd029c30c22f62b51e19556,false,abcdef,defabc
da53da0c-556f-11ed-bd9b-be1648daefb8,HLSL30.020/HLS.L30.T52MHC.2015019T012000.v2.0/HLS.L30.T52MHC.2015019T012000.v2.0.B11.tif,100,2015-01-19 07:20:00,2015-01-19 07:20:00,2015-01-19 07:20:24,MD5,2c044996bfd029c30c22f62b51e19556,false,abcdef,defabc
da53db88-556f-11ed-bd9b-be1648daefb8,HLSL30.020/HLS.L30.T52MHC.2015019T012000.v2.0/HLS.L30.T52MHC.2015019T012000.v2.0.B09.tif,100,2015-01-19 07:20:00,2015-01-19 07:20:00,2015-01-19 07:20:24,MD5,2c044996bfd029c30c22f62b51e19556,false,abcdef,defabc
da53dce6-556f-11ed-bd9b-be1648daefb8,HLSL30.020/HLS.L30.T52MHC.2015019T012000.v2.0/HLS.L30.T52MHC.2015019T012000.v2.0.SZA.tif,100,2015-01-19 07:20:00,2015-01-19 07:20:00,2015-01-19 07:20:24,MD5,2c044996bfd029c30c22f62b51e19556,false,abcdef,defabc
da53de4e-556f-11ed-bd9b-be1648daefb8,HLSL30.020/HLS.L30.T52MHC.2015019T012000.v2.0/HLS.L30.T52MHC.2015019T012000.v2.0.B02.tif,100,2015-01-19 07:20:00,2015-01-19 07:20:00,2015-01-19 07:20:24,MD5,2c044996bfd029c30c22f62b51e19556,false,abcdef,defabc
da53dfac-556f-11ed-bd9b-be1648daefb8,HLSL30.020/HLS.L30.T52MHC.2015019T012000.v2.0/HLS.L30.T52MHC.2015019T012000.v2.0.B01.tif,100,2015-01-19 07:20:00,2015-01-19 07:20:00,2015-01-19 07:20:24,MD5,2c044996bfd029c30c22f62b51e19556,false,abcdef,defabc
da53e114-556f-11ed-bd9b-be1648daefb8,HLSL30.020/HLS.L30.T52MHC.2015019T012000.v2.0/HLS.L30.T52MHC.2015019T012000.v2.0.B10.tif,100,2015-01-19 07:20:00,2015-01-19 07:20:00,2015-01-19 07:20:24,MD5,2c044996bfd029c30c22f62b51e19556,false,abcdef,defabc
da53e27c-556f-11ed-bd9b-be1648daefb8,HLSL30.020/HLS.L30.T52MHC.2015019T012000.v2.0/HLS.L30.T52MHC.2015019T012000.v2.0.cmr.xml,100,2015-01-19 07:20:00,2015-01-19 07:20:00,2015-01-19 07:20:24,MD5,2c044996bfd029c30c22f62b51e19556,false,abcdef,defabc
da53e402-556f-11ed-bd9b-be1648daefb8,HLSL30.020/HLS.L30.T53MKT.2015019T012000.v2.0/HLS.L30.T53MKT.2015019T012000.v2.0.B04.tif,100,2015-01-19 07:20:00,2015-01-19 07:20:00,2015-01-19 07:20:24,MD5,2c044996bfd029c30c22f62b51e19556,false,abcdef,defabc
da53e56a-556f-11ed-bd9b-be1648daefb8,HLSL30.020/HLS.L30.T53MKT.2015019T012000.v2.0/HLS.L30.T53MKT.2015019T012000.v2.0.SAA.tif,100,2015-01-19 07:20:00,2015-01-19 07:20:00,2015-01-19 07:20:24,MD5,2c044996bfd029c30c22f62b51e19556,false,abcdef,defabc
da53e6c8-556f-11ed-bd9b-be1648daefb8,HLSL30.020/HLS.L30.T53MKT.2015019T012000.v2.0/HLS.L30.T53MKT.2015019T012000.v2.0.VZA.tif,100,2015-01-19 07:20:00,2015-01-19 07:20:00,2015-01-19 07:20:24,MD5,2c044996bfd029c30c22f62b51e19556,false,abcdef,defabc
da53e830-556f-11ed-bd9b-be1648daefb8,HLSL30.020/HLS.L30.T53MKT.2015019T012000.v2.0/HLS.L30.T53MKT.2015019T012000.v2.0.B06.tif,100,2015-01-19 07:20:00,2015-01-19 07:20:00,2015-01-19 07:20:24,MD5,2c044996bfd029c30c22f62b51e19556,false,abcdef,defabc
da53e98e-556f-11ed-bd9b-be1648daefb8,HLSL30.020/HLS.L30.T53MKT.2015019T012000.v2.0/HLS.L30.T53MKT.2015019T012000.v2.0.B05.tif,100,2015-01-19 07:20:00,2015-01-19 07:20:00,2015-01-19 07:20:24,MD5,2c044996bfd029c30c22f62b51e19556,false,abcdef,defabc
da53eaec-556f-11ed-bd9b-be1648daefb8,HLSL30.020/HLS.L30.T53MKT.2015019T012000.v2.0/HLS.L30.T53MKT.2015019T012000.v2.0.SZA.tif,100,2015-01-19 07:20:00,2015-01-19 07:20:00,2015-01-19 07:20:24,MD5,2c044996bfd029c30c22f62b51e19556,false,abcdef,defabc
da53ec4a-556f-11ed-bd9b-be1648daefb8,HLSL30.020/HLS.L30.T53MKT.2015019T012000.v2.0/HLS.L30.T53MKT.2015019T012000.v2.0.B10.tif,100,2015-01-19 07:20:00,2015-01-19 07:20:00,2015-01-19 07:20:24,MD5,2c044996bfd029c30c22f62b51e19556,false,abcdef,defabc
da53edb2-556f-11ed-bd9b-be1648daefb8,HLSL30.020/HLS.L30.T53MKT.2015019T012000.v2.0/HLS.L30.T53MKT.2015019T012000.v2.0.B09.tif,100,2015-01-19 07:20:00,2015-01-19 07:20:00,2015-01-19 07:20:24,MD5,2c044996bfd029c30c22f62b51e19556,false,abcdef,defabc
da53ef10-556f-11ed-bd9b-be1648daefb8,HLSL30.020/HLS.L30.T53MKT.2015019T012000.v2.0/HLS.L30.T53MKT.2015019T012000.v2.0.Fmask.tif,100,2015-01-19 07:20:00,2015-01-19 07:20:00,2015-01-19 07:20:24,MD5,2c044996bfd029c30c22f62b51e19556,false,abcdef,defabc
da53f06e-556f-11ed-bd9b-be1648daefb8,HLSL30.020/HLS.L30.T53MKT.2015019T012000.v2.0/HLS.L30.T53MKT.2015019T012000.v2.0.B11.tif,100,2015-01-19 07:20:00,2015-01-19 07:20:00,2015-01-19 07:20:24,MD5,2c044996bfd029c30c22f62b51e19556,false,abcdef,defabc
da53f1cc-556f-11ed-bd9b-be1648daefb8,HLSL30.020/HLS.L30.T53MKT.2015019T012000.v2.0/HLS.L30.T53MKT.2015019T012000.v2.0.B02.tif,100,2015-01-19 07:20:00,2015-01-19 07:20:00,2015-01-19 07:20:24,MD5,2c044996bfd029c30c22f62b51e19556,false,abcdef,defabc
da53f32a-556f-11ed-bd9b-be1648daefb8,HLSL30.020/HLS.L30.T53MKT.2015019T012000.v2.0/HLS.L30.T53MKT.2015019T012000.v2.0.B01.tif,100,2015-01-19 07:20:00,2015-01-19 07:20:00,2015-01-19 07:20:24,MD5,2c044996bfd029c30c22f62b51e19556,false,abcdef,defabc
da53f492-556f-11ed-bd9b-be1648daefb8,HLSL30.020/HLS.L30.T53MKT.2015019T012000.v2.0/HLS.L30.T53MKT.2015019T012000.v2.0.B03.tif,100,2015-01-19 07:20:00,2015-01-19 07:20:00,2015-01-19 07:20:24,MD5,2c044996bfd029c30c22f62b51e19556,false,abcdef,defabc
da53f5f0-556f-11ed-bd9b-be1648daefb8,HLSL30.020/HLS.L30.T53MKT.2015019T012000.v2.0/HLS.L30.T53MKT.2015019T012000.v2.0.B07.tif,100,2015-01-19 07:20:00,2015-01-19 07:20:00,2015-01-19 07:20:24,MD5,2c044996bfd029c30c22f62b51e19556,false,abcdef,defabc
da53f74e-556f-11ed-bd9b-be1648daefb8,HLSL30.020/HLS.L30.T53MKT.2015019T012000.v2.0/HLS.L30.T53MKT.2015019T012000.v2.0.VAA.tif,100,2015-01-19 07:20:00,2015-01-19 07:20:00,2015-01-19 07:20:24,MD5,2c044996bfd029c30c22f62b51e19556,false,abcdef,defabc
da53f8b6-556f-11ed-bd9b-be1648daefb8,HLSL30.020/HLS.L30.T53MKT.2015019T012000.v2.0/HLS.L30.T53MKT.2015019T012000.v2.0.cmr.xml,100,2015-01-19 07:20:00,2015-01-19 07:20:00,2015-01-19 07:20:24,MD5,2c044996bfd029c30c22f62b51e19556,false,abcdef,defabc
